Uuid,Void/Retire,Privilege name,Description
${var.privilege.read-tb-screening.uuid},,Read TB Screening,LE-39 module entitlement; operation-specific checks still apply
${var.privilege.write-tb-screening.uuid},,Write TB Screening,LE-39 module entitlement; operation-specific checks still apply
${var.privilege.manage-general-consultation.uuid},,Manage General Consultation,LE-39 module entitlement; operation-specific checks still apply
${var.privilege.manage-anc.uuid},,Manage ANC,LE-39 module entitlement; operation-specific checks still apply
${var.privilege.manage-laboratory.uuid},,Manage Laboratory,LE-39 module entitlement; operation-specific checks still apply
${var.privilege.manage-pnc.uuid},,Manage PNC,LE-39 module entitlement; operation-specific checks still apply
${var.privilege.manage-pharmacy.uuid},,Manage Pharmacy,LE-39 module entitlement; operation-specific checks still apply
${var.privilege.read-labor-and-delivery.uuid},,Read Labor and Delivery,LE-39 module entitlement; operation-specific checks still apply
${var.privilege.write-labor-and-delivery.uuid},,Write Labor and Delivery,LE-39 module entitlement; operation-specific checks still apply
${var.privilege.read-immunization.uuid},,Read Immunization,LE-39 module entitlement; operation-specific checks still apply
${var.privilege.write-immunization.uuid},,Write Immunization,LE-39 module entitlement; operation-specific checks still apply
${var.privilege.manage-family-planning.uuid},,Manage Family Planning,LE-39 module entitlement; operation-specific checks still apply
