dak_tab,dak_section,dak_data_element_id,dak_data_element_name,dak_answer_of,dak_data_type,dak_ciel,dak_read_date,decision,layer,domain,liberiaemr_variable,concept_uuid_source,form_field,status,notes
ANC,Obstetric history (PARA),LBR.EMR.DE.1,Gravida,,Integer,5624,2026-08-06,reuse-ciel,mch,concepts,var.concept.ciel.gravida.uuid,CIEL 5624,anc-initial.json#gravida;anc-national.json#gravida,verified,"DAK CIEL code matches the alias already declared in variables.properties. Rechecked against public OCL (CIEL 5624 Gravida, Question/Numeric) and clinically approved during the ANC obstetric-history review."
ANC,Obstetric history (PARA),LBR.EMR.DE.2,Last menstrual period (LMP),,Date,1427,2026-08-06,reuse-ciel,mch,concepts,var.concept.ciel.lmp.uuid,CIEL 1427,anc-initial.json#lmp;anc-national.json#lmp,verified,"DAK CIEL code matches the alias already declared in variables.properties. Rechecked against public OCL (CIEL 1427 Date of last menstrual period, Finding/Date) and clinically approved during the ANC obstetric-history review. CONVERGED: anc-national.json was repointed from its national local concept to this CIEL term so ANC Form and ANC Initial Visit aggregate as one series; the superseded national concept stays declared pending a migration analysis (IMPLEMENTATION.md §9)."
ANC,Obstetric history (PARA),LBR.EMR.DE.3,Full-term births (FT),,Integer,162557,2026-08-06,reuse-ciel,mch,concepts,var.concept.ciel.full-term-births.uuid,CIEL 160080,anc-initial.json#fullTermBirths;anc-national.json#ftb,verified,"DAK proposed CIEL 162557. OCL review found 162557 is ""Total number of delivered births"" (includes abortions, stillbirths and live births) and does not match Full-term births. Implementation uses CIEL 160080 ""Number of full term pregnancies"" following terminology and clinical review. dak_ciel retains the DAK claim 162557. CONVERGED: anc-national.json was repointed from its national local concept to this CIEL term so ANC Form and ANC Initial Visit aggregate as one series; the superseded national concept stays declared pending a migration analysis (IMPLEMENTATION.md §9)."
ANC,Obstetric history (PARA),LBR.EMR.DE.4,Preterm births (P),,Integer,160078,2026-08-06,reuse-ciel,mch,concepts,var.concept.ciel.preterm-births.uuid,CIEL 160078,anc-initial.json#pretermBirths;anc-national.json#ptb,verified,"Checked against public OCL (CIEL 160078 Number of preterm births, Question/Numeric) and clinically approved for Preterm births (P). CONVERGED: anc-national.json was repointed from its national local concept to this CIEL term so ANC Form and ANC Initial Visit aggregate as one series; the superseded national concept stays declared pending a migration analysis (IMPLEMENTATION.md §9)."
ANC,Obstetric history (PARA),LBR.EMR.DE.5,Abortions (A),,Integer,1823,2026-08-06,reuse-ciel,mch,concepts,var.concept.ciel.abortions.uuid,CIEL 1823,anc-initial.json#abortions;anc-national.json#abortions,verified,"Checked against public OCL (CIEL 1823 Number of abortions/miscarriages, Finding/Numeric). Combined DAK use of spontaneous and induced abortions as a single count was clinically approved. CONVERGED: anc-national.json was repointed from its national local concept to this CIEL term so ANC Form and ANC Initial Visit aggregate as one series; the superseded national concept stays declared pending a migration analysis (IMPLEMENTATION.md §9)."
ANC,Obstetric history (PARA),LBR.EMR.DE.6,Living children (LN),,Integer,1825,2026-08-06,reuse-ciel,mch,concepts,var.concept.ciel.living-children.uuid,CIEL 1825,anc-initial.json#livingChildren;anc-national.json#living_children,verified,"Checked against public OCL (CIEL 1825 Total number of living children, Question/Numeric) and clinically approved for Living children (LN). CONVERGED: anc-national.json was repointed from its national local concept to this CIEL term so ANC Form and ANC Initial Visit aggregate as one series; the superseded national concept stays declared pending a migration analysis (IMPLEMENTATION.md §9)."
ANC,Physical Examination,LBR.EMR.DE.7,Colour,,Coding,,2026-08-11,reuse-local,national,concepts,var.concept.national.color.uuid,local,anc-initial.json#physicalExamColour;anc-national.json#color,verified,Uses existing national physical-exam Color question (US spelling FSN Color; Form Builder label Colour). Coded Normal/Abnormal via national answer concepts. Distinct from DE.25 Colour (HGT) Text. Confirmed loaded on production-like non-demo runtime.
ANC,Physical Examination,LBR.EMR.DE.8,Normal (N),Colour,Code,1115,2026-08-06,reuse-ciel,national,concepts,var.concept.ciel.normal.uuid,CIEL 1115,anc-initial.json#physicalExamColour;anc-national.json#color,verified,"Answer code for Colour and for every other ANC Initial Visit physical-examination question. DAK claim 1115 confirmed against the OCL exports this distro loads (CIEL 1115 Normal, Misc/N-A; present in lib-mch-ciel-head.zip)."
ANC,Physical Examination,LBR.EMR.DE.9,Abnormal (ABN),Colour,Code,,2026-07-30,reuse-ciel,national,concepts,var.concept.ciel.abnormal.uuid,CIEL 1116,anc-initial.json#physicalExamColour;anc-national.json#color,verified,"Answer code. DAK gives no CIEL code; implementation uses CIEL 1116 Abnormal, confirmed present in lib-mch-ciel-head.zip. Pairs with DE.8 CIEL 1115."
ANC,Physical Examination,LBR.EMR.DE.10,Heart,,Coding,,2026-07-30,reuse-local,national,concepts,var.concept.national.heart.uuid,local,anc-initial.json#heart;anc-national.json#heart,verified,"Existing national physical-exam question, coded Normal/Abnormal via CIEL 1115/1116. No CIEL code in the DAK; terminology lookup still open before a CIEL mapping can be asserted."
ANC,Physical Examination,LBR.EMR.DE.11,Lungs,,Coding,,2026-07-30,reuse-local,national,concepts,var.concept.national.lungs.uuid,local,anc-initial.json#lungs;anc-national.json#lungs,verified,"Existing national physical-exam question, coded Normal/Abnormal via CIEL 1115/1116. No CIEL code in the DAK; terminology lookup still open before a CIEL mapping can be asserted."
ANC,Physical Examination,LBR.EMR.DE.12,Breasts,,Coding,,2026-07-30,reuse-local,national,concepts,var.concept.national.breasts.uuid,local,anc-initial.json#breasts;anc-national.json#breasts,verified,"Existing national physical-exam question, coded Normal/Abnormal via CIEL 1115/1116. No CIEL code in the DAK; terminology lookup still open before a CIEL mapping can be asserted."
ANC,Physical Examination,LBR.EMR.DE.13,Nipples,,Coding,,2026-07-30,reuse-local,national,concepts,var.concept.national.nipples.uuid,local,anc-initial.json#nipples;anc-national.json#nipples,verified,"Existing national physical-exam question, coded Normal/Abnormal via CIEL 1115/1116. No CIEL code in the DAK; terminology lookup still open before a CIEL mapping can be asserted."
ANC,Physical Examination,LBR.EMR.DE.14,Abdomen,,Coding,1808,2026-08-24,reuse-local,national,concepts,var.concept.national.abdomen.uuid,local,anc-initial.json#abdomen;anc-national.json#abdomen,verified,"Runtime verification found CIEL 1808 is Abdomen [como un todo], Anatomy/N-A (HL7 ZZ), not an observation question. Reuses the existing runtime-loaded Liberia Abdomen concept, Question/Coded (HL7 CWE), with CIEL 1115 Normal and CIEL 1116 Abnormal answers. Its fully specified name is ""Abdomen examination"" because CIEL 1808 already owns ""Abdomen"" in locale en and OpenMRS rejects a duplicate fully specified name; the form label shown to clinicians is still Abdomen."
ANC,Physical Examination,LBR.EMR.DE.15,Extremities,,Coding,,2026-07-30,reuse-local,national,concepts,var.concept.national.extremities.uuid,local,anc-initial.json#extremities;anc-national.json#extremities,verified,"Existing national physical-exam question, coded Normal/Abnormal via CIEL 1115/1116. No CIEL code in the DAK; terminology lookup still open before a CIEL mapping can be asserted."
ANC,Physical Examination,LBR.EMR.DE.16,Pelvic examination,,Coding,165372,2026-07-30,reuse-local,national,concepts,var.concept.national.pelvic-examination.uuid,local,anc-initial.json#pelvicExamination;anc-national.json#pelvic,review,"Form uses the existing national local question. CIEL 165372 ""Pelvic examination findings"" (Finding/Coded) is the correct term and was ADDED to the LIB/mch collection on 2026-08-18; it carries no Q-AND-A answers in CIEL, so Normal/Abnormal (CIEL 1115/1116) would still be supplied by content. Migrate-or-keep is now a decision, not a blocker."
ANC,Physical Examination,LBR.EMR.DE.17,Explain abnormalities,,String,,2026-07-30,reuse-local,national,concepts,var.concept.national.explain-abnormalities.uuid,local,anc-national.json#abnormalities_explain,verified,"Existing national free-text question. No CIEL code in the DAK. Concept unchanged. ANC Initial no longer captures this generic field: it records one local description per examination finding instead (see the DE-less ""abnormality description"" rows), because eight uses of this one concept could not be told apart."
ANC,Prenatal,LBR.EMR.DE.18,Routine drugs,,String,,2026-07-30,reuse-local,national,concepts,var.concept.national.routine-drugs.uuid,local,anc-initial.json#routineDrugs;anc-national.json#routine_drugs,verified,Existing national free-text question. No CIEL code in the DAK; terminology lookup still open.
ANC,Prenatal,LBR.EMR.DE.19,Date,,Date,,2026-07-30,reuse-local,national,concepts,var.concept.national.date-of-the-anc-follow-up-visit.uuid,local,anc-national.json#anc_follow_up,verified,Implemented by ANC Form only. Existing national Date question. No CIEL code in the DAK.
ANC,Prenatal,LBR.EMR.DE.20,Blood pressure (BP),,Quantity,,2026-07-30,reuse-local,national,concepts,var.concept.national.blood-pressure-systolic.uuid;var.concept.national.blood-pressure-diastolic.uuid,local,anc-initial.json#systolicBloodPressure;anc-initial.json#diastolicBloodPressure;anc-national.json#bp_systolic;anc-national.json#bp_diastolic,unverified,One DAK Quantity element implemented as the two existing national numeric questions. CIEL 5085/5086 are aliased in the national variables.properties but not used here; confirm whether BP should move to CIEL before go-live. Form bounds 50-260 systolic and 30-180 diastolic.
ANC,Prenatal,LBR.EMR.DE.21,Weight,,Quantity,165379,2026-07-30,reuse-ciel,national,concepts,var.concept.ciel.weight-kg.uuid,CIEL 5089,anc-initial.json#weight;anc-national.json#weight,verified,"CIEL 5089 Weight (kg) is correct. NOT a divergence: the DAK's 165379 is a SOURCE ERROR -- CIEL 165379 is ""Total weight gain during current pregnancy"" (Finding/Numeric), a different measurement from body weight. Verified against CIEL 2026-08-18. Same class of DAK defect as LBR.LD.DE.81 and EMR.FP.DE10; raise with the sheet maintainer. Form max is 250 to match the 5089 hi_absolute enforced by ObsValidator."
ANC,Prenatal,LBR.EMR.DE.22,Gestational age,,Quantity,,2026-07-30,reuse-ciel,mch,concepts,var.concept.ciel.gestational-age.uuid,CIEL 1438,anc-initial.json#gestationalAge;anc-national.json#gestational_age,verified,"CONFIRMED 2026-08-17 against lib-mch-ciel-head.zip: CIEL 1438 is ""Weeks of current gestation"" (Finding/Numeric, units wks, synonym ""Gestational age wks""), which is the term this element needs. DAK leaves CIEL blank and gives LOINC 18185-9; the two are consistent. CONVERGED: anc-national.json was repointed from its national local concept to this CIEL term so ANC Form and ANC Initial Visit aggregate as one series; the superseded national concept stays declared pending a migration analysis (IMPLEMENTATION.md §9)."
ANC,Prenatal,LBR.EMR.DE.23,Fundal height,,Quantity,1439,2026-07-30,reuse-ciel,mch,concepts,var.concept.ciel.fundal-height.uuid,CIEL 1439,anc-initial.json#fundalHeight;anc-national.json#fundal_height,verified,DAK CIEL code matches the alias already declared in variables.properties. CONVERGED: anc-national.json was repointed from its national local concept to this CIEL term so ANC Form and ANC Initial Visit aggregate as one series; the superseded national concept stays declared pending a migration analysis (IMPLEMENTATION.md §9).
ANC,Prenatal,LBR.EMR.DE.24,Presentation,,Coding,160090,2026-08-11,implement-local,mch,concepts,var.concept.mch.fetal-presentation.uuid,CIEL 160090,anc-initial.json#fetalPresentation;anc-national.json#presentation,review,"Local MCH coded question (Fetal Presentation at ANC). CIEL 160090 ""Fetal presentation"" (Question/Coded) was ADDED to the LIB/mch collection on 2026-08-18 together with its 12 CIEL answer concepts. It is NOT a drop-in replacement for the local value set: CIEL collapses Transverse and Oblique into one answer (112259) and has no ""Other"", while the approved Liberian set needs Transverse and Oblique separately plus Other. CIEL also adds 8 answers the DAK does not ask for. Decide whether to migrate and lose that granularity, or keep the local set and carry a Same-as mapping to 160090. NOTE: the collection carries NO mappings at all, so the Q-AND-A links between 160090 and its answers are absent from the export."
ANC,Prenatal,LBR.EMR.DE.25,Colour (HGT),,String,165396,2026-07-30,reuse-local,national,concepts,var.concept.national.colour-hgt.uuid,local,anc-national.json#colour_hgt,unverified,Implemented by ANC Form only. DIVERGENCE: DAK proposes CIEL 165396; the form uses the existing national Text question. Distinct from DE.7 physical-exam Colour -- do not substitute one for the other.
ANC,Prenatal,LBR.EMR.DE.26,Fetal heart tone (FHT),,Quantity,1440,2026-07-30,reuse-ciel,mch,concepts,var.concept.ciel.fetal-heart-rate.uuid,CIEL 1440,anc-initial.json#fetalHeartTone;anc-national.json#fht,verified,DAK CIEL code matches the alias already declared in variables.properties. CONVERGED: anc-national.json was repointed from its national local concept to this CIEL term so ANC Form and ANC Initial Visit aggregate as one series; the superseded national concept stays declared pending a migration analysis (IMPLEMENTATION.md §9).
ANC,Prenatal,LBR.EMR.DE.27,Other findings,,String,,2026-07-30,reuse-local,national,concepts,var.concept.national.other-findings.uuid,local,anc-initial.json#otherFindings;anc-national.json#other_findings,verified,Existing national free-text question. No CIEL code in the DAK; terminology lookup still open.
ANC,Prenatal,LBR.EMR.DE.28,Treatment remarks,,String,,2026-07-30,reuse-local,national,concepts,var.concept.national.treatment-remarks.uuid,local,anc-initial.json#treatmentRemarks;anc-national.json#treatment_remarks,verified,Existing national free-text question. No CIEL code in the DAK; terminology lookup still open.
ANC,Prenatal,LBR.EMR.DE.30,Return date,,Date,5096,2026-07-30,reuse-ciel,mch,concepts,var.concept.ciel.return-visit-date.uuid,CIEL 5096,anc-initial.json#returnDate;anc-national.json#next_anc_visit,verified,"Live dictionary LBR.EMR.DE.30. CIEL 5096 Return visit date is the DAK term and is already aliased as var.concept.ciel.return-visit-date.uuid. ANC Initial Visit captures required Return date after Treatment remarks; it must be on or after the form's encounter date (hidden encounterDatetime field encounterDate, not today(); same-day is valid). ANC Follow-up Visit does not have this field. National ANC Form still writes the local Scheduled date for next ANC visit concept rather than CIEL 5096."
ANC,Initial Lab Findings,LBR.EMR.DE.30,Haemoglobin (Hb),,Quantity,1017,2026-07-30,unassigned,,,,,,pending,CIEL code supplied by the DAK; no concept declared in any content package yet.
ANC,Initial Lab Findings,LBR.EMR.DE.31,Malaria smear (M/S),,Coding,1366,2026-07-30,unassigned,,,,,,pending,CIEL code supplied by the DAK; no concept declared in any content package yet.
ANC,Initial Lab Findings,LBR.EMR.DE.32,Syphilis,,Coding,164801,2026-07-30,unassigned,,,,,,pending,CIEL code supplied by the DAK; no concept declared in any content package yet.
ANC,Initial Lab Findings,LBR.EMR.DE.33,Urine sugar,,Coding,159733,2026-07-30,unassigned,,,,,,pending,CIEL code supplied by the DAK; no concept declared in any content package yet.
ANC,Initial Lab Findings,LBR.EMR.DE.34,Hepatitis B,,Coding,1322,2026-07-30,unassigned,,,,,,pending,CIEL code supplied by the DAK; no concept declared in any content package yet.
ANC,Initial Lab Findings,LBR.EMR.DE.35,Hepatitis C,,Coding,,2026-07-30,unassigned,,,,,,pending,No CIEL code in the DAK; terminology lookup required before declaring.
ANC,Initial Lab Findings,LBR.EMR.DE.36,Blood group,,Coding,,2026-07-30,unassigned,,,,,,pending,No CIEL code in the DAK; terminology lookup required before declaring.
ANC,Initial Lab Findings,LBR.EMR.DE.37,Rh factor,,Coding,161470,2026-07-30,unassigned,,,,,,pending,CIEL code supplied by the DAK; no concept declared in any content package yet.
ANC,Initial Lab Findings,LBR.EMR.DE.38,Complete blood count (CBC),,String,1019,2026-07-30,unassigned,,,,,,pending,CIEL code supplied by the DAK; no concept declared in any content package yet.
ANC,Intermittent Treatment (IPT),LBR.EMR.DE.39,Pregnancy status,,Coding,5272,2026-07-30,reuse-ciel,national,concepts,var.concept.ciel.pregnancy-status.uuid,CIEL 5272,anc-initial.json#pregnancyTrimester;anc-national.json#preg_status,verified,DAK CIEL code matches the alias declared in the national variables.properties; CIEL 5272 Pregnancy status (Coded) confirmed present in lib-mch-ciel-head.zip. Rendered as the trimester question.
ANC,Intermittent Treatment (IPT),LBR.EMR.DE.40,1st trimester,Pregnancy trimester,Code,140108,2026-07-30,reuse-local,national,concepts,var.concept.national.1st-trimester.uuid,local,anc-initial.json#pregnancyTrimester;anc-national.json#preg_status,unverified,DIVERGENCE: DAK proposes CIEL 140108; the form uses the existing national answer concept. Confirm whether the trimester answers should move to CIEL before go-live.
ANC,Intermittent Treatment (IPT),LBR.EMR.DE.41,2nd trimester,Pregnancy trimester,Code,158737,2026-07-30,reuse-local,national,concepts,var.concept.national.2nd-trimester.uuid,local,anc-initial.json#pregnancyTrimester;anc-national.json#preg_status,unverified,DIVERGENCE: DAK proposes CIEL 158737; the form uses the existing national answer concept. Confirm whether the trimester answers should move to CIEL before go-live.
ANC,Intermittent Treatment (IPT),LBR.EMR.DE.42,3rd trimester,Pregnancy trimester,Code,159067,2026-07-30,reuse-local,national,concepts,var.concept.national.3rd-trimester.uuid,local,anc-initial.json#pregnancyTrimester;anc-national.json#preg_status,unverified,DIVERGENCE: DAK proposes CIEL 159067; the form uses the existing national answer concept. Confirm whether the trimester answers should move to CIEL before go-live.
ANC,Intermittent Treatment (IPT),LBR.EMR.DE.43,ANC visit number,,Coding,1425,2026-07-30,reuse-ciel,mch,concepts,var.concept.ciel.anc-visit-number.uuid,CIEL 1425,anc-national.json#anc_visit_num,verified,"DAK CIEL code matches the alias already declared in variables.properties. DIVERGENCE: this row records the CIEL 1425 alias, but anc-national.json actually uses var.concept.national.anc-visit-number.uuid and no form uses the CIEL alias. Reconcile before go-live."
ANC,Intermittent Treatment (IPT),LBR.EMR.DE.44,1st,ANC visit number,Code,1724,2026-07-30,reuse-local,national,concepts,var.concept.national.1st.uuid,local,anc-national.json#anc_visit_num,unverified,"Answer code, implemented by ANC Form only. DIVERGENCE: DAK proposes CIEL 1724; the form uses the existing national answer concept."
ANC,Intermittent Treatment (IPT),LBR.EMR.DE.45,2nd,ANC visit number,Code,166075,2026-07-30,reuse-local,national,concepts,var.concept.national.2nd.uuid,local,anc-national.json#anc_visit_num,unverified,"Answer code, implemented by ANC Form only. DIVERGENCE: DAK proposes CIEL 166075; the form uses the existing national answer concept."
ANC,Intermittent Treatment (IPT),LBR.EMR.DE.46,3rd,ANC visit number,Code,166076,2026-07-30,reuse-local,national,concepts,var.concept.national.3rd.uuid,local,anc-national.json#anc_visit_num,unverified,"Answer code, implemented by ANC Form only. DIVERGENCE: DAK proposes CIEL 166076; the form uses the existing national answer concept."
ANC,Intermittent Treatment (IPT),LBR.EMR.DE.47,4th,ANC visit number,Code,,2026-07-30,reuse-local,national,concepts,var.concept.national.4th.uuid,local,anc-national.json#anc_visit_num,unverified,"Answer code, implemented by ANC Form only, labelled ""4th+"" in the schema against a DAK element named ""4th"". No CIEL code in the DAK. Confirm whether the DAK means exact 4th."
ANC,Intermittent Treatment (IPT),LBR.EMR.DE.48,IPT dose administered,,Coding,,2026-08-11,implement-local,mch,concepts,var.concept.mch.ipt-dose-administered.uuid,local,anc-initial.json#iptDoseAdministered;anc-national.json#ipt_dose,verified,"Self-contained MCH coded question (FSN: IPTp Dose Administered at ANC) with exact 1st–4th MCH answers only. National IPT dose administered (1st/2nd/3rd+) left unchanged. Does not reference national answer UUIDs because concepts-mch.csv loads before concepts-national.csv. STILL DIVERGENT: ANC Form offers 1st/2nd/3rd+ against the national question; ANC Initial Visit offers exact 1st-4th against the MCH question. Cannot merge until the fate of the national ""3rd IPT dose+"" answer is decided; until then an indicator must read both concepts."
ANC,Intermittent Treatment (IPT),LBR.EMR.DE.49,1st IPT dose,IPT dose administered,Code,,2026-08-11,implement-local,mch,concepts,var.concept.mch.1st-ipt-dose.uuid,local,anc-initial.json#iptDoseAdministered,verified,MCH answer (FSN: First IPTp Dose at ANC). Distinct from national 1st IPT dose so the MCH value set is self-contained at Initializer load.
ANC,Intermittent Treatment (IPT),LBR.EMR.DE.50,2nd IPT dose,IPT dose administered,Code,,2026-08-11,implement-local,mch,concepts,var.concept.mch.2nd-ipt-dose.uuid,local,anc-initial.json#iptDoseAdministered,verified,MCH answer (FSN: Second IPTp Dose at ANC). Distinct from national 2nd IPT dose so the MCH value set is self-contained at Initializer load.
ANC,Intermittent Treatment (IPT),LBR.EMR.DE.51,3rd IPT dose,IPT dose administered,Code,,2026-08-11,implement-local,mch,concepts,var.concept.mch.3rd-ipt-dose.uuid,local,anc-initial.json#iptDoseAdministered,verified,"National answer is ""3rd IPT dose+"" and must not be reused for exact 3rd. MCH answer FSN: Third IPTp Dose at ANC."
ANC,Intermittent Treatment (IPT),LBR.EMR.DE.52,4th IPT dose,IPT dose administered,Code,,2026-08-11,implement-local,mch,concepts,var.concept.mch.4th-ipt-dose.uuid,local,anc-initial.json#iptDoseAdministered,verified,MCH answer FSN: Fourth IPTp Dose at ANC.
ANC,Intermittent Treatment (IPT),LBR.EMR.DE.53,Woman receiving IPT,,Boolean,,2026-08-11,reuse-local,national,concepts,var.concept.national.woman-receiving-ipt.uuid,local,anc-initial.json#womanReceivingIpt;anc-national.json#woman_ipt;anc-followup.json#womanReceivingIpt,verified,"Uses the existing NATIONAL coded Yes/No question, answered by CIEL 1065/1066. The earlier MCH Boolean fallback was removed: its premise (CIEL Yes/No missing) was wrong -- 1065/1066 are present in lib-mch-ciel-head.zip -- and an OpenMRS Boolean obs resolves through the concept.true/concept.false global properties, which this distro never sets. Fatima deferral case is No plus IPTp deferral reason."
ANC,Intermittent Treatment (IPT),LBR.EMR.DE.54,LLIN received at ANC,,Boolean,160428,2026-08-11,reuse-local,national,concepts,var.concept.national.llin-received-at-anc.uuid,local,anc-initial.json#llinReceivedAtAnc;anc-national.json#llin;anc-followup.json#llinReceivedAtAnc,verified,"Uses the existing NATIONAL coded Yes/No question, answered by CIEL 1065/1066; the MCH Boolean duplicate was removed. No Same-as mapping is owed: the DAK's 160428 is a SOURCE ERROR -- CIEL 160428 is ""Long-lasting insecticidal net"" (Misc/N/A), the commodity itself, not a question about whether one was received. Verified against CIEL 2026-08-18; deliberately NOT added to the collection. Raise with the sheet maintainer alongside DE.21."
ANC,Tetanus Toxoid,LBR.EMR.DE.55,Date of TT1,,Date,,2026-07-30,reuse-local,national,concepts,var.concept.national.date-of-tt1.uuid,local,anc-national.json#tt1,verified,Implemented by ANC Form only. Existing national Date question. No CIEL code in the DAK.
ANC,Tetanus Toxoid,LBR.EMR.DE.56,Date of TT2,,Date,,2026-07-30,reuse-local,national,concepts,var.concept.national.date-of-tt2.uuid,local,anc-national.json#tt2,verified,Implemented by ANC Form only. Existing national Date question. No CIEL code in the DAK.
ANC,Tetanus Toxoid,LBR.EMR.DE.57,Date of TT3,,Date,,2026-07-30,reuse-local,national,concepts,var.concept.national.date-of-tt3.uuid,local,anc-national.json#tt3,verified,Implemented by ANC Form only. Existing national Date question. No CIEL code in the DAK.
ANC,Tetanus Toxoid,LBR.EMR.DE.58,Date of TT4,,Date,,2026-07-30,reuse-local,national,concepts,var.concept.national.date-of-tt4.uuid,local,anc-national.json#tt4,verified,Implemented by ANC Form only. Existing national Date question. No CIEL code in the DAK.
ANC,Tetanus Toxoid,LBR.EMR.DE.59,Date of TT5,,Date,,2026-07-30,reuse-local,national,concepts,var.concept.national.date-of-tt5.uuid,local,anc-national.json#tt5,verified,Implemented by ANC Form only. Existing national Date question. No CIEL code in the DAK.
ANC,Pregnant Woman Health Card,LBR.EMR.DE.60,Name,,String,1593,2026-07-30,unassigned,,,,,,pending,CIEL code supplied by the DAK; no concept declared in any content package yet.
ANC,Pregnant Woman Health Card,LBR.EMR.DE.61,Address,,String,,2026-07-30,unassigned,,,,,,pending,No CIEL code in the DAK; terminology lookup required before declaring.
ANC,Pregnant Woman Health Card,LBR.EMR.DE.62,Issue date,,Date,,2026-08-11,implement-local,mch,concepts,var.concept.mch.health-card-issue-date.uuid,local,anc-initial.json#healthCardIssueDate,verified,No suitable repository concept and no verified CIEL mapping. Local MCH Date concept Pregnant Woman Health Card Issue Date. No additional health-card concepts in this increment.
ANC,Pregnant Woman Health Card,LBR.EMR.DE.63,Name of clinic,,String,162724,2026-07-30,unassigned,,,,,,pending,CIEL code supplied by the DAK; no concept declared in any content package yet.
ANC,Pregnant Woman Health Card,LBR.EMR.DE.64,Age,,Integer,164168,2026-07-30,unassigned,,,,,,pending,CIEL code supplied by the DAK; no concept declared in any content package yet.
ANC,Pregnant Woman Health Card,LBR.EMR.DE.65,Record number,,String,,2026-07-30,unassigned,,,,,,pending,No CIEL code in the DAK; terminology lookup required before declaring.
Labor and delivery,,LBR.LD.DE.1,Medical Record Number (MRN),,String,,2026-07-30,unassigned,,,,,,pending,No CIEL code in the DAK; terminology lookup required before declaring.
Labor and delivery,,LBR.LD.DE.2,Date,,Date,,2026-07-30,unassigned,,,,,,pending,No CIEL code in the DAK; terminology lookup required before declaring.
Labor and delivery,,LBR.LD.DE.3,Full name,,String,,2026-07-30,unassigned,,,,,,pending,No CIEL code in the DAK; terminology lookup required before declaring.
Labor and delivery,,LBR.LD.DE.4,Age,,Integer,164168,2026-07-30,unassigned,,,,,,pending,CIEL code supplied by the DAK; no concept declared in any content package yet.
Labor and delivery,,LBR.LD.DE.5,Oxygen saturation (SpO₂),,Quantity,,2026-07-30,unassigned,,,,,,pending,No CIEL code in the DAK; terminology lookup required before declaring.
Labor and delivery,,LBR.LD.DE.6,Blood pressure (BP),,Quantity,,2026-07-30,unassigned,,,,,,pending,No CIEL code in the DAK; terminology lookup required before declaring.
Labor and delivery,,LBR.LD.DE.7,Fetal heart rate,,Quantity,1440,2026-07-30,reuse-ciel,mch,concepts,var.concept.ciel.fetal-heart-rate.uuid,CIEL 1440,,verified,DAK CIEL code matches the alias already declared in variables.properties.
Labor and delivery,,LBR.LD.DE.8,Gravida,,Integer,5624,2026-07-30,reuse-ciel,mch,concepts,var.concept.ciel.gravida.uuid,CIEL 5624,,verified,DAK CIEL code matches the alias already declared in variables.properties.
Labor and delivery,,LBR.LD.DE.9,Parity,,Integer,1053,2026-07-30,reuse-ciel,mch,concepts,var.concept.ciel.parity.uuid,CIEL 1053,,verified,DAK CIEL code matches the alias already declared in variables.properties.
Labor and delivery,,LBR.LD.DE.10,Adequate tetanus-diphtheria (TD2+) immunization,,Boolean,,2026-07-30,unassigned,,,,,,pending,No CIEL code in the DAK; terminology lookup required before declaring.
Labor and delivery,,LBR.LD.DE.11,Adequate iron/folic acid supplementation (180 tablets),,Boolean,,2026-07-30,unassigned,,,,,,pending,No CIEL code in the DAK; terminology lookup required before declaring.
Labor and delivery,,LBR.LD.DE.12,Delivery method,,Coding,,2026-07-30,unassigned,,,,,,pending,Duplicate of LBR.LD.DE.95 'Type of delivery' in the same tab; DE.95 carries CIEL 5630 and this one carries none. Resolve to ONE data element before implementing.
Labor and delivery,,LBR.LD.DE.13,Spontaneous vaginal delivery (SVD),Delivery method,Code,1170,2026-07-30,unassigned,,,,,,pending,Answer code. CIEL code supplied by the DAK; no concept declared in any content package yet.
Labor and delivery,,LBR.LD.DE.14,Caesarean section (C/S),Delivery method,Code,1171,2026-07-30,unassigned,,,,,,pending,Answer code. CIEL code supplied by the DAK; no concept declared in any content package yet.
Labor and delivery,,LBR.LD.DE.15,Vacuum-assisted delivery,Delivery method,Code,167453,2026-07-30,unassigned,,,,,,pending,Answer code. CIEL code supplied by the DAK; no concept declared in any content package yet.
Labor and delivery,,LBR.LD.DE.16,Forceps,Delivery method,Code,159901,2026-07-30,unassigned,,,,,,pending,Answer code. CIEL code supplied by the DAK; no concept declared in any content package yet.
Labor and delivery,,LBR.LD.DE.17,Destructive,Delivery method,Code,164605,2026-07-30,unassigned,,,,,,pending,Answer code. CIEL code supplied by the DAK; no concept declared in any content package yet.
Labor and delivery,,LBR.LD.DE.18,Other,Delivery method,Code,5622,2026-07-30,unassigned,,,,,,pending,Answer code. CIEL code supplied by the DAK; no concept declared in any content package yet.
Labor and delivery,,LBR.LD.DE.19,Delivery conducted by unskilled provider,,Boolean,,2026-07-30,unassigned,,,,,,pending,No CIEL code in the DAK; terminology lookup required before declaring.
Labor and delivery,,LBR.LD.DE.20,Perineum,,Coding,166322,2026-07-30,unassigned,,,,,,pending,CIEL code supplied by the DAK; no concept declared in any content package yet.
Labor and delivery,,LBR.LD.DE.21,Intact,Perineum,Code,,2026-08-06,unassigned,,,,,,pending,"Source sheet is structurally misaligned: ""Intact"" appears in the Activity ID column while the normal data-element label cell is empty. Inferred as an answer to LBR.LD.DE.20 Perineum. dak_data_type Code was read from the Data type* cell (column 5) on that misaligned row. Requires terminology and clinical review before implementation."
Labor and delivery,,LBR.LD.DE.22,Episiotomy,Perineum,Code,170322,2026-07-30,unassigned,,,,,,pending,Answer code. CIEL code supplied by the DAK; no concept declared in any content package yet.
Labor and delivery,,LBR.LD.DE.23,Laceration,Perineum,Code,123620,2026-07-30,unassigned,,,,,,pending,Answer code. CIEL code supplied by the DAK; no concept declared in any content package yet.
Labor and delivery,,LBR.LD.DE.24,Anaesthesia,,Coding,,2026-07-30,unassigned,,,,,,pending,No CIEL code in the DAK; terminology lookup required before declaring.
Labor and delivery,,LBR.LD.DE.25,None,Anaesthesia,Code,,2026-07-30,unassigned,,,,,,pending,Answer code. No CIEL code in the DAK; terminology lookup required before declaring.
Labor and delivery,,LBR.LD.DE.26,Local,Anaesthesia,Code,,2026-07-30,unassigned,,,,,,pending,Answer code. No CIEL code in the DAK; terminology lookup required before declaring.
Labor and delivery,,LBR.LD.DE.27,General,Anaesthesia,Code,,2026-07-30,unassigned,,,,,,pending,Answer code. No CIEL code in the DAK; terminology lookup required before declaring.
Labor and delivery,,LBR.LD.DE.28,Repair,,Coding,,2026-07-30,unassigned,,,,,,pending,No CIEL code in the DAK; terminology lookup required before declaring.
Labor and delivery,,LBR.LD.DE.29,Yes,Repair,Code,,2026-07-30,unassigned,,,,,,pending,Answer code. No CIEL code in the DAK; terminology lookup required before declaring.
Labor and delivery,,LBR.LD.DE.30,No,Repair,Code,,2026-07-30,unassigned,,,,,,pending,Answer code. No CIEL code in the DAK; terminology lookup required before declaring.
Labor and delivery,Third Stage,LBR.LD.DE.31,Active management,,Coding,163452,2026-07-30,unassigned,,,,,,pending,CIEL code supplied by the DAK; no concept declared in any content package yet.
Labor and delivery,Third Stage,LBR.LD.DE.32,Yes,Active management,Code,163452,2026-07-30,unassigned,,,,,,pending,Answer code. CIEL code supplied by the DAK; no concept declared in any content package yet.
Labor and delivery,Third Stage,LBR.LD.DE.33,No,Active management,Code,,2026-07-30,unassigned,,,,,,pending,Answer code. No CIEL code in the DAK; terminology lookup required before declaring.
Labor and delivery,Third Stage,LBR.LD.DE.34,Medication,,String,,2026-07-30,unassigned,,,,,,pending,No CIEL code in the DAK; terminology lookup required before declaring.
Labor and delivery,Third Stage,LBR.LD.DE.35,Medication time,,Time,,2026-07-30,unassigned,,,,,,pending,No CIEL code in the DAK; terminology lookup required before declaring.
Labor and delivery,Third Stage,LBR.LD.DE.36,Dose,,Quantity,165169,2026-07-30,unassigned,,,,,,pending,CIEL code supplied by the DAK; no concept declared in any content package yet.
Labor and delivery,Third Stage,LBR.LD.DE.37,Placenta delivery time,,Time,161012,2026-07-30,unassigned,,,,,,pending,CIEL code supplied by the DAK; no concept declared in any content package yet.
Labor and delivery,Third Stage,LBR.LD.DE.38,Placenta status,,Coding,166267,2026-07-30,unassigned,,,,,,pending,CIEL code supplied by the DAK; no concept declared in any content package yet.
Labor and delivery,Third Stage,LBR.LD.DE.39,Complete,Placenta status,Code,163455,2026-07-30,unassigned,,,,,,pending,Answer code. CIEL code supplied by the DAK; no concept declared in any content package yet.
Labor and delivery,Third Stage,LBR.LD.DE.40,Incomplete,Placenta status,Code,163456,2026-07-30,unassigned,,,,,,pending,Answer code. CIEL code supplied by the DAK; no concept declared in any content package yet.
Labor and delivery,Third Stage,LBR.LD.DE.41,Blood loss amount,,Coding,161928,2026-07-30,unassigned,,,,,,pending,CIEL code supplied by the DAK; no concept declared in any content package yet.
Labor and delivery,Third Stage,LBR.LD.DE.42,Small (Less than 250 cc),Blood loss amount,Code,160565,2026-07-30,unassigned,,,,,,pending,Answer code. CIEL code supplied by the DAK; no concept declared in any content package yet.
Labor and delivery,Third Stage,LBR.LD.DE.43,Moderate (250–499 cc),Blood loss amount,Code,,2026-07-30,unassigned,,,,,,pending,Answer code. No CIEL code in the DAK; terminology lookup required before declaring.
Labor and delivery,Third Stage,LBR.LD.DE.44,Large (More than 500 cc),Blood loss amount,Code,,2026-07-30,unassigned,,,,,,pending,Answer code. No CIEL code in the DAK; terminology lookup required before declaring.
Labor and delivery,Baby,LBR.LD.DE.45,Weight,,Quantity,,2026-07-30,unassigned,,,,,,pending,"Duplicate of LBR.LD.DE.99 'Birth weight', which carries CIEL 5916 while this one carries none. Resolve to ONE data element before implementing."
Labor and delivery,Baby,LBR.LD.DE.46,Length,,Quantity,5090,2026-07-30,reuse-ciel,mch,concepts,var.concept.ciel.height.uuid,CIEL 5090,,review,"DAK maps newborn Length to CIEL 5090, aliased in content-common as var.concept.ciel.height.uuid (a vitals concept). Same CIEL term, different clinical use — confirm before reusing the vitals alias here."
Labor and delivery,Baby,LBR.LD.DE.47,Sex,,Coding,,2026-07-30,unassigned,,,,,,pending,No CIEL code in the DAK; terminology lookup required before declaring.
Labor and delivery,Baby,LBR.LD.DE.48,Male,Sex,Code,167865,2026-07-30,unassigned,,,,,,pending,Answer code. CIEL code supplied by the DAK; no concept declared in any content package yet.
Labor and delivery,Baby,LBR.LD.DE.49,Female,Sex,Code,167866,2026-07-30,unassigned,,,,,,pending,Answer code. CIEL code supplied by the DAK; no concept declared in any content package yet.
Labor and delivery,Baby,LBR.LD.DE.50,Baby presentation,,Coding,,2026-07-30,unassigned,,,,,,pending,No CIEL code in the DAK; terminology lookup required before declaring.
Labor and delivery,Baby,LBR.LD.DE.51,Vertex,Baby presentation,Code,160091,2026-07-30,unassigned,,,,,,pending,Answer code. CIEL code supplied by the DAK; no concept declared in any content package yet.
Labor and delivery,Baby,LBR.LD.DE.52,Breech,Baby presentation,Code,,2026-07-30,unassigned,,,,,,pending,Answer code. No CIEL code in the DAK; terminology lookup required before declaring.
Labor and delivery,Baby,LBR.LD.DE.53,Other,Baby presentation,Code,5622,2026-07-30,unassigned,,,,,,pending,Answer code. CIEL code supplied by the DAK; no concept declared in any content package yet.
Labor and delivery,APGAR,LBR.LD.DE.54,Assessment time,,Coding,,2026-07-30,unassigned,,,,,,pending,No CIEL code in the DAK; terminology lookup required before declaring.
Labor and delivery,APGAR,LBR.LD.DE.55,1 minute,Assessment time,Code,159603,2026-07-30,unassigned,,,,,,pending,Answer code. CIEL code supplied by the DAK; no concept declared in any content package yet.
Labor and delivery,APGAR,LBR.LD.DE.56,5 minutes,Assessment time,Code,159604,2026-07-30,unassigned,,,,,,pending,Answer code. CIEL code supplied by the DAK; no concept declared in any content package yet.
Labor and delivery,APGAR,LBR.LD.DE.57,Colour (Appearance),,Integer,,2026-07-30,unassigned,,,,,,pending,No CIEL code in the DAK; terminology lookup required before declaring.
Labor and delivery,APGAR,LBR.LD.DE.58,Heart rate (Pulse),,Integer,,2026-07-30,unassigned,,,,,,pending,No CIEL code in the DAK; terminology lookup required before declaring.
Labor and delivery,APGAR,LBR.LD.DE.59,Muscle tone (Activity),,Integer,,2026-07-30,unassigned,,,,,,pending,No CIEL code in the DAK; terminology lookup required before declaring.
Labor and delivery,APGAR,LBR.LD.DE.60,Reflex irritability (Grimace),,Integer,,2026-07-30,unassigned,,,,,,pending,No CIEL code in the DAK; terminology lookup required before declaring.
Labor and delivery,APGAR,LBR.LD.DE.61,Respiration (Breathing),,Integer,170343,2026-07-30,unassigned,,,,,,pending,CIEL code supplied by the DAK; no concept declared in any content package yet.
Labor and delivery,APGAR,LBR.LD.DE.62,Total APGAR score,,Integer,1504,2026-07-30,unassigned,,,,,,pending,CIEL code supplied by the DAK; no concept declared in any content package yet.
Labor and delivery,APGAR,LBR.LD.DE.63,Time of delivery,,Time,161012,2026-07-30,unassigned,,,,,,pending,CIEL code supplied by the DAK; no concept declared in any content package yet.
Labor and delivery,Fourth Stage Monitoring for Woman and Baby,LBR.LD.DE.64,Complications of woman,,Coding,120240,2026-07-30,unassigned,,,,,,pending,CIEL code supplied by the DAK; no concept declared in any content package yet.
Labor and delivery,Fourth Stage Monitoring for Woman and Baby,LBR.LD.DE.65,None,Complications of woman,Code,,2026-07-30,unassigned,,,,,,pending,Answer code. No CIEL code in the DAK; terminology lookup required before declaring.
Labor and delivery,Fourth Stage Monitoring for Woman and Baby,LBR.LD.DE.66,Other,Complications of woman,Code,5622,2026-07-30,unassigned,,,,,,pending,Answer code. CIEL code supplied by the DAK; no concept declared in any content package yet.
Labor and delivery,Fourth Stage Monitoring for Woman and Baby,LBR.LD.DE.67,Complications of baby,,Coding,,2026-07-30,unassigned,,,,,,pending,No CIEL code in the DAK; terminology lookup required before declaring.
Labor and delivery,Fourth Stage Monitoring for Woman and Baby,LBR.LD.DE.68,None,Complications of baby,Code,1107,2026-07-30,unassigned,,,,,,pending,Answer code. CIEL code supplied by the DAK; no concept declared in any content package yet.
Labor and delivery,Fourth Stage Monitoring for Woman and Baby,LBR.LD.DE.69,Other,Complications of baby,Code,5622,2026-07-30,unassigned,,,,,,pending,Answer code. CIEL code supplied by the DAK; no concept declared in any content package yet.
Labor and delivery,Fourth Stage Monitoring for Woman and Baby,LBR.LD.DE.70,Monitoring frequency,,Coding,,2026-07-30,unassigned,,,,,,pending,No CIEL code in the DAK; terminology lookup required before declaring.
Labor and delivery,Fourth Stage Monitoring for Woman and Baby,LBR.LD.DE.71,Every 15 minutes for first 2 hours,Monitoring frequency,Code,,2026-07-30,unassigned,,,,,,pending,Answer code. No CIEL code in the DAK; terminology lookup required before declaring.
Labor and delivery,Fourth Stage Monitoring for Woman and Baby,LBR.LD.DE.72,Every 30 minutes for 1 hour,Monitoring frequency,Code,,2026-07-30,unassigned,,,,,,pending,Answer code. No CIEL code in the DAK; terminology lookup required before declaring.
Labor and delivery,Fourth Stage Monitoring for Woman and Baby,LBR.LD.DE.73,Observation time,,DateTime,,2026-07-30,unassigned,,,,,,pending,No CIEL code in the DAK; terminology lookup required before declaring.
Labor and delivery,Woman,LBR.LD.DE.74,Blood pressure (BP),,Quantity,,2026-07-30,unassigned,,,,,,pending,No CIEL code in the DAK; terminology lookup required before declaring.
Labor and delivery,Woman,LBR.LD.DE.75,Pulse,,Quantity,5087,2026-07-30,reuse-ciel,mch,concepts,var.concept.ciel.pulse.uuid,CIEL 5087,,verified,DAK CIEL code matches the alias already declared in variables.properties.
Labor and delivery,Woman,LBR.LD.DE.76,Fundus,,String,165298,2026-07-30,unassigned,,,,,,pending,CIEL code supplied by the DAK; no concept declared in any content package yet.
Labor and delivery,Woman,LBR.LD.DE.77,Bleeding,,String,147241,2026-07-30,unassigned,,,,,,pending,CIEL code supplied by the DAK; no concept declared in any content package yet.
Labor and delivery,Woman,LBR.LD.DE.78,Bladder,,String,,2026-07-30,unassigned,,,,,,pending,No CIEL code in the DAK; terminology lookup required before declaring.
Labor and delivery,Baby,LBR.LD.DE.79,Breathing,,Boolean,,2026-07-30,unassigned,,,,,,pending,No CIEL code in the DAK; terminology lookup required before declaring.
Labor and delivery,Baby,LBR.LD.DE.80,Suck,,Boolean,162515,2026-07-30,unassigned,,,,,,pending,CIEL code supplied by the DAK; no concept declared in any content package yet.
Labor and delivery,Baby,LBR.LD.DE.81,Temperature status,,Coding,5088,2026-07-30,unassigned,,,,,,conflict,"DAK maps a CODED element (Warm/Cold) to CIEL 5088, which is numeric Temperature. Datatype conflict — do not implement as mapped; needs a coded term or a numeric reading."
Labor and delivery,Baby,LBR.LD.DE.82,Warm,Temperature status,Code,,2026-07-30,unassigned,,,,,,pending,Answer code. No CIEL code in the DAK; terminology lookup required before declaring.
Labor and delivery,Baby,LBR.LD.DE.83,Cold,Temperature status,Code,,2026-07-30,unassigned,,,,,,pending,Answer code. No CIEL code in the DAK; terminology lookup required before declaring.
Labor and delivery,Baby,LBR.LD.DE.84,Birth attendant,,String,,2026-07-30,unassigned,,,,,,pending,No CIEL code in the DAK; terminology lookup required before declaring.
Labor and delivery,Baby,LBR.LD.DE.85,Labor notes,,String,,2026-07-30,unassigned,,,,,,pending,No CIEL code in the DAK; terminology lookup required before declaring.
Labor and delivery,Delivery Record,LBR.LD.DE.86,Date,,Date,,2026-07-30,unassigned,,,,,,pending,No CIEL code in the DAK; terminology lookup required before declaring.
Labor and delivery,Delivery Record,LBR.LD.DE.87,Time,,Time,,2026-07-30,unassigned,,,,,,pending,No CIEL code in the DAK; terminology lookup required before declaring.
Labor and delivery,Delivery Record,LBR.LD.DE.88,Place,,String,163774,2026-07-30,unassigned,,,,,,pending,CIEL code supplied by the DAK; no concept declared in any content package yet.
Labor and delivery,Delivery Record,LBR.LD.DE.89,Length of labour,,Quantity,1503,2026-07-30,unassigned,,,,,,pending,CIEL code supplied by the DAK; no concept declared in any content package yet.
Labor and delivery,Delivery Record,LBR.LD.DE.90,Attended by,,Coding,,2026-07-30,unassigned,,,,,,pending,No CIEL code in the DAK; terminology lookup required before declaring.
Labor and delivery,Delivery Record,LBR.LD.DE.91,Certified Midwife (CM),Attended by,Code,1578,2026-07-30,unassigned,,,,,,pending,Answer code. CIEL code supplied by the DAK; no concept declared in any content package yet.
Labor and delivery,Delivery Record,LBR.LD.DE.92,Registered Nurse (RN),Attended by,Code,,2026-07-30,unassigned,,,,,,pending,Answer code. No CIEL code in the DAK; terminology lookup required before declaring.
Labor and delivery,Delivery Record,LBR.LD.DE.93,Medical Doctor (MD),Attended by,Code,162591,2026-07-30,unassigned,,,,,,pending,Answer code. CIEL code supplied by the DAK; no concept declared in any content package yet.
Labor and delivery,Delivery Record,LBR.LD.DE.94,Other,Attended by,Code,,2026-07-30,unassigned,,,,,,pending,Answer code. No CIEL code in the DAK; terminology lookup required before declaring.
Labor and delivery,Delivery Record,LBR.LD.DE.95,Type of delivery,,Coding,5630,2026-07-30,reuse-ciel,mch,concepts,var.concept.ciel.delivery-mode.uuid,CIEL 5630,,verified,DAK CIEL code matches the alias already declared in variables.properties. Note LBR.LD.DE.12 'Delivery method' duplicates this element.
Labor and delivery,Delivery Record,LBR.LD.DE.96,Sex,,Coding,,2026-07-30,unassigned,,,,,,pending,No CIEL code in the DAK; terminology lookup required before declaring.
Labor and delivery,Delivery Record,LBR.LD.DE.97,Male,Sex,Code,167865,2026-07-30,unassigned,,,,,,pending,Answer code. CIEL code supplied by the DAK; no concept declared in any content package yet.
Labor and delivery,Delivery Record,LBR.LD.DE.98,Female,Sex,Code,167866,2026-07-30,unassigned,,,,,,pending,Answer code. CIEL code supplied by the DAK; no concept declared in any content package yet.
Labor and delivery,Delivery Record,LBR.LD.DE.99,Birth weight,,Quantity,5916,2026-07-30,unassigned,,,,,,pending,CIEL code supplied by the DAK; no concept declared in any content package yet.
Labor and delivery,Delivery Record,LBR.LD.DE.100,Above 2500 g,Birth weight category,Code,164444,2026-07-30,unassigned,,,,,,pending,Answer code. CIEL code supplied by the DAK; no concept declared in any content package yet.
Labor and delivery,Delivery Record,LBR.LD.DE.101,Below 2500 g,Birth weight category,Code,,2026-07-30,unassigned,,,,,,pending,Answer code. No CIEL code in the DAK; terminology lookup required before declaring.
Labor and delivery,Delivery Record,LBR.LD.DE.102,APGAR score,,Integer,1504,2026-07-30,unassigned,,,,,,pending,CIEL code supplied by the DAK; no concept declared in any content package yet.
Labor and delivery,Delivery Record,LBR.LD.DE.103,Breastfeeding status at 1 month,,Coding,164819,2026-07-30,unassigned,,,,,,pending,CIEL code supplied by the DAK; no concept declared in any content package yet.
Labor and delivery,Delivery Record,LBR.LD.DE.104,Yes,Breastfeeding status at 1 month,Code,5526,2026-07-30,unassigned,,,,,,pending,Answer code. CIEL code supplied by the DAK; no concept declared in any content package yet.
Labor and delivery,Delivery Record,LBR.LD.DE.105,No,Breastfeeding status at 1 month,Code,,2026-07-30,unassigned,,,,,,pending,Answer code. No CIEL code in the DAK; terminology lookup required before declaring.
Labor and delivery,Delivery Record,LBR.LD.DE.106,Partial,Breastfeeding status at 1 month,Code,,2026-07-30,unassigned,,,,,,pending,Answer code. No CIEL code in the DAK; terminology lookup required before declaring.
Labor and delivery,Delivery Record,LBR.LD.DE.107,LLIN received after delivery,,Boolean,,2026-07-30,unassigned,,,,,,pending,No CIEL code in the DAK; terminology lookup required before declaring.
PNC,,EMR.PND.DE1,Full Name,,String,1593,2026-07-30,unassigned,,,,,,pending,CIEL code supplied by the DAK; no concept declared in any content package yet.
PNC,,EMR.PND.DE2,MRN,,Quantity,163530,2026-07-30,unassigned,,,,,,pending,CIEL code supplied by the DAK; no concept declared in any content package yet.
PNC,,EMR.PND.DE3,Age,,Quantity,164168,2026-07-30,unassigned,,,,,,pending,CIEL code supplied by the DAK; no concept declared in any content package yet.
PNC,,EMR.PND.DE4,Parity,,,1053,2026-08-18,reuse-ciel,mch,concepts,var.concept.ciel.parity.uuid,1053AAAAAAAAAAAAAAAAAAAAAAAAAAAAAAAA,CIEL 1053,verified,Reuses the CIEL Numeric/Question concept loaded before Initializer; the rejected local duplicate is not declared.
PNC,,EMR.PND.DE5,Date,,Date,,2026-07-30,unassigned,,,,,,pending,No CIEL code in the DAK; terminology lookup required before declaring.
PNC,,EMR.PND.DE6,Infant's date of birth,,Date,164802,2026-07-30,unassigned,,,,,,pending,CIEL code supplied by the DAK; no concept declared in any content package yet.
PNC,,EMR.PND.DE7,Infant's sex,,Coding,166025,2026-07-30,unassigned,,,,,,pending,CIEL code supplied by the DAK; no concept declared in any content package yet.
PNC,,EMR.PND.DE8,Post-partum care,,Coding,1623,2026-08-18,reuse-local,national,concepts,var.concept.national.post-partum-care.uuid,1659ca4e-56a1-4dda-8668-8e9a0dcc571e,,verified,Existing national question retained and extended to the four clinically approved PPC contacts.
PNC,,EMR.PND.DE9,PPC 1: Received within 24hrs,Post-partum care,Code,,2026-08-18,reuse-local,national,concepts,var.concept.national.ppc-1-received-within-24hrs.uuid,0717361a-8470-42ff-b457-f02eb48b432e,,verified,Existing stable answer retained.
PNC,,EMR.PND.DE10,PPC 2: Received within 7 days,Post-partum care,Code,,2026-08-18,local,national,concepts,var.concept.national.ppc-2-received-within-7-days.uuid,3a981f7d-2691-469d-921c-470e39a74cb3,,verified,Approved local answer; proposed audit UUID was free across main and both ANC branches.
PNC,,EMR.PND.DE11,PPC 3: Received within 28 days,Post-partum care,Code,,2026-08-18,local,national,concepts,var.concept.national.ppc-3-received-within-28-days.uuid,ca6a3b18-00a4-4320-bc2d-f7ff8350ce72,,verified,Approved local answer; proposed audit UUID was free across main and both ANC branches.
PNC,,EMR.PND.DE12,PPC 4: Received within 42 days,Post-partum care,Code,,2026-08-18,local,national,concepts,var.concept.national.ppc-4-received-within-42-days.uuid,820b6a3b-216a-46e0-8f07-b19e93336aa7,,verified,Approved local answer; proposed audit UUID was free across main and both ANC branches.
PNC,,EMR.PND.DE13,Place of Delivery,,Coding,,2026-08-18,reuse-local,national,concepts,var.concept.national.place-of-delivery.uuid,68bcf423-25ab-48a5-8c0e-5bd1ee6b7e02,,verified,Existing national question retained; answers are local Home 636aece0-5ab8-4e95-b491-192c3349cd79 and runtime-loaded CIEL 1537 Health facility 1537AAAAAAAAAAAAAAAAAAAAAAAAAAAAAAAA.
PNC,,EMR.PND.DE14,Complications,,Coding,144438,2026-08-18,local,mch,concepts,var.concept.pnc.complications.uuid,0576b7e5-8326-4b16-ba9b-0b6016bdd11c,,verified,Terminology FSN is Maternal Postnatal Complications to avoid collision with the unrelated demo surgical Misc/Text concept 64fe56e6-5b52-4cdb-adc2-b6d50bfdee63; Form Builder display label remains Complications. Live workbook value set implemented exactly using verified CIEL concepts plus exact local MCH concepts. The workbook contains Pre-eclampsia twice; traceability preserves that source duplication here while the coded concept answer set contains CIEL 129251 once. Other pregnancy or labour problems uses companion text concept 30481431-0ff0-47b1-995c-12fcdc0da7e7. Multi-select is a Form Builder concern and is not encoded in concept metadata.
PNC,,EMR.PND.DE15,Identified & Managed,,String,164170,2026-08-18,reuse-local,national,concepts,var.concept.national.complications-identified-and-managed.uuid,2d564238-249e-46fc-a8e2-dc6ea0ba7a7f,,verified,"Existing runtime-loaded Liberia Text concept reused. The DAK cites CIEL 164170, but that unavailable UUID is not substituted for the tested local concept."
PNC,,EMR.PND.DE16,Referred,,String,164169,2026-08-18,reuse-workflow,common,workflow,,,shared referral workflow,verified,Handled by the shared referral workflow; no PNC-specific referral observation is created.
PNC,,EMR.PND.DE17,HIV Test Results,,Coding,164817,2026-07-30,unassigned,,,,,,pending,CIEL code supplied by the DAK; no concept declared in any content package yet.
PNC,,EMR.PND.DE18,Results at initial PNC visit,HIV Test Results,Code,,2026-08-18,reuse-local,national,concepts,var.concept.national.hiv-test-results-at-initial-pnc-visit.uuid,da0be8c8-ecd0-4680-b0f8-8fd4fcd40ddd,,verified,Existing question retained; answers corrected to CIEL Negative 664 / Positive 703 / Unknown 1067 and Poor sample quality 1304 removed.
PNC,,EMR.PND.DE19,Results at PNC re-test,HIV Test Results,Code,,2026-08-18,reuse-local,national,concepts,var.concept.national.results-at-pnc-re-test.uuid,c5a63b81-253a-486f-961f-6740e647645e,,verified,Existing UUID retained and name corrected to Results at PNC re-test; answers are CIEL Negative 664 / Positive 703 / Unknown 1067. Available at every catch-up contact; not gated to six weeks.
PNC,,EMR.PND.DE20,Prevention Maternal,,String,,2026-08-18,reuse-local,national,concepts,var.concept.national.preventive-interventions-provided-during-the-post-partum-period.uuid,e6ab5fca-bf10-486a-ad47-1407b284b6a9,,verified,Existing runtime-loaded Liberia Text concept reused; the form label follows the DAK while the terminology name is more descriptive.
PNC,,EMR.PND.DE21,Vitamin A for mother at 6 wks,,Boolean,,2026-08-18,reuse-local,national,concepts,var.concept.national.vitamin-a-for-mother-at-6-wks.uuid,996b496d-1c9d-4492-bb84-a0106ea635d1,,verified,Existing loaded concept retained. Current live workbook has DE21 only; obsolete DE31 is not resurrected.
PNC,,EMR.PND.DE22,Counselled mother on danger signs,,Boolean,,2026-08-18,reuse-local,national,concepts,var.concept.national.counselled-mother-on-danger-signs.uuid,8d4ec3fc-02ee-48a6-a81d-1139084bbc39,,verified,Existing runtime-loaded Liberia Coded question reused with Yes/No answers; the DAK supplies no CIEL code.
PNC,,EMR.PND.DE23,Counselled mother on breastfeeding,,Boolean,,2026-08-18,reuse-local,national,concepts,var.concept.national.counselled-mother-on-breastfeeding.uuid,0ba5cb49-e3b7-4691-97da-5fbfdeaea6e1,,verified,Existing runtime-loaded Liberia Coded question reused with Yes/No answers; the DAK supplies no CIEL code.
PNC,,EMR.PND.DE26,Breast,,String,,2026-08-18,reuse-local,national,concepts,var.concept.national.assessment-findings-of-the-mother-s-breasts.uuid,c90bfabb-f548-47d7-a62e-f4b8a9765362,,verified,Existing runtime-loaded Liberia Text concept reused; the shorter form label follows the DAK.
PNC,,EMR.PND.DE27,Fundal height,,Numeric,,2026-08-18,reuse-local,national,concepts,var.concept.national.fundal-height-cm.uuid,c696ec1b-25d0-4cd2-aa24-1329b4e815cd,,verified,Existing runtime-loaded Liberia Numeric concept Fundal height (cm) reused; the DAK supplies neither type nor CIEL code.
PNC,,EMR.PND.DE28,Hb,,Numeric,,2026-08-18,reuse-ciel,national,concepts,var.concept.ciel.haemoglobin.uuid,21AAAAAAAAAAAAAAAAAAAAAAAAAAAAAAAAAA,,verified,Runtime-loaded CIEL Haemoglobin concept reused; the DAK row supplies no CIEL code.
PNC,,EMR.PND.DE29,Perineum,,String,,2026-08-18,reuse-local,national,concepts,var.concept.national.assessment-of-the-condition-of-the-perineum.uuid,0d494d1e-825f-410b-8113-68f3b00823d3,,verified,Existing runtime-loaded Liberia Text concept reused; the shorter form label follows the DAK.
PNC,,EMR.PND.DE30,Lochia,,String,,2026-08-18,reuse-local,national,concepts,var.concept.national.lochia-assessment.uuid,6639987b-31f1-4e76-b579-b2e6f235cb55,,verified,Existing runtime-loaded Liberia Text concept reused; the shorter form label follows the DAK.
PNC,,EMR.PND.DE31,Vit A administered?,,Boolean,,2026-07-30,unassigned,,,,,,pending,No CIEL code in the DAK; terminology lookup required before declaring.
PNC,,EMR.PND.DE32,General health status,,String,,2026-08-18,reuse-local,national,concepts,var.concept.national.general-health-status.uuid,e27162a2-b07f-4fa1-b794-c6a07ee06da1,,verified,Existing runtime-loaded Liberia Text concept reused; the DAK supplies no CIEL code.
PNC,,EMR.PND.DE33,Intervention,,String,,2026-08-18,reuse-local,national,concepts,var.concept.national.intervention.uuid,d2e68a76-2b09-4bed-96b4-13f94a34ef4e,,verified,Existing runtime-loaded Liberia Text concept reused; the DAK supplies neither type nor CIEL code.
PNC,,EMR.PND.DE34,Infant Assessment,,,,2026-07-30,unassigned,,,,,,pending,No CIEL code in the DAK; terminology lookup required before declaring.
PNC,,EMR.PND.DE35,Child ID,,,,2026-07-30,unassigned,,,,,,pending,No CIEL code in the DAK; terminology lookup required before declaring.
PNC,,EMR.PND.DE36,Temperature recording,,Numeric,5088,2026-08-19,reuse-ciel,common,concepts,var.concept.ciel.temperature.uuid,CIEL 5088,newborn-pnc.json#temperature,verified,Recorded in Newborn PNC form.
PNC,,EMR.PND.DE37,Complications,,Coding,,2026-07-30,unassigned,,,,,,pending,No CIEL code in the DAK; terminology lookup required before declaring.
PNC,,EMR.PND.DE38,Identified and managed,,Text,,2026-08-19,reuse-local,national,concepts,var.concept.national.complications-identified-and-managed.uuid,local,newborn-pnc.json#complicationsIdentifiedAndManaged,verified,Text description of complications identified and managed in Newborn PNC.
PNC,,EMR.PND.DE39,Referred,,String,,2026-07-30,unassigned,,,,,,pending,No CIEL code in the DAK; terminology lookup required before declaring.
PNC,,EMR.PND.DE40,Received Kangaroo care,,Boolean,,2026-08-19,reuse-local,national,concepts,var.concept.national.received-kangaroo-care.uuid,local,newborn-pnc.json#receivedKangarooCare,verified,Coded Yes/No in Newborn PNC form. Conditionally shown when birth weight < 2.5 kg.
PNC,,EMR.PND.DE41,Nevirapine start date,,Date,,2026-08-19,reuse-local,national,concepts,var.concept.national.nevirapine-start-date.uuid,local,newborn-pnc.json#nevirapineStartDate,verified,Date Nevirapine started in Newborn PNC.
PNC,,EMR.PND.DE42,Chlorhexidine admnistration,,Coded,,2026-08-19,reuse-local,national,concepts,var.concept.national.chlorhexidine-administration.uuid,local,newborn-pnc.json#chlorhexidineAdministration,verified,Coded Before/After 24hrs in Newborn PNC.
PNC,,EMR.PND.DE43,Before 24hrs,Chlorhexidine admnistration,Code,,2026-08-19,reuse-local,national,concepts,var.concept.national.before-24hrs.uuid,local,newborn-pnc.json#chlorhexidineAdministration,verified,Answer code for Chlorhexidine administration.
PNC,,EMR.PND.DE44,After 24hrs,Chlorhexidine admnistration,Code,,2026-08-19,reuse-local,national,concepts,var.concept.national.after-24hrs.uuid,local,newborn-pnc.json#chlorhexidineAdministration,verified,Answer code for Chlorhexidine administration.
Family Planning,,EMR.FP.DE1,Name of the Health facility,,,162724,2026-07-30,unassigned,,,,,,pending,CIEL code supplied by the DAK; no concept declared in any content package yet.
Family Planning,,EMR.FP.DE2,County,,,167131,2026-07-30,unassigned,,,,,,pending,CIEL code supplied by the DAK; no concept declared in any content package yet.
Family Planning,,EMR.FP.DE3,District,,,161564,2026-07-30,unassigned,,,,,,pending,CIEL code supplied by the DAK; no concept declared in any content package yet.
Family Planning,,EMR.FP.DE4,Date,,Date,163757,2026-07-30,unassigned,,,,,,pending,CIEL code supplied by the DAK; no concept declared in any content package yet.
Family Planning,,EMR.FP.DE5,MRN,,Quantity,,2026-07-30,unassigned,,,,,,pending,No CIEL code in the DAK; terminology lookup required before declaring.
Family Planning,,EMR.FP.DE6,Full Name,,String,,2026-07-30,unassigned,,,,,,pending,No CIEL code in the DAK; terminology lookup required before declaring.
Family Planning,,EMR.FP.DE7,Age,,,,2026-07-30,unassigned,,,,,,pending,No CIEL code in the DAK; terminology lookup required before declaring.
Family Planning,,EMR.FP.DE8,Sex,,List - select one,,2026-07-30,unassigned,,,,,,pending,No CIEL code in the DAK; terminology lookup required before declaring.
Family Planning,,EMR.FP.DE9,Male,Sex,List value,167865,2026-07-30,unassigned,,,,,,pending,Answer code. CIEL code supplied by the DAK; no concept declared in any content package yet.
Family Planning,,EMR.FP.DE10,Female,Sex,List value,7182029,2026-07-30,unassigned,,,,,,conflict,"DAK gives CIEL 7182029 for Female, which is not a plausible CIEL id (the L&D tab uses 167865/167866 for male/female). Verify before use."
Family Planning,,EMR.FP.DE11,Gravida,,Quantity,5624,2026-07-30,reuse-ciel,mch,concepts,var.concept.ciel.gravida.uuid,CIEL 5624,,verified,DAK CIEL code matches the alias already declared in variables.properties.
Family Planning,,EMR.FP.DE12,Parity,,,1053,2026-07-30,reuse-ciel,mch,concepts,var.concept.ciel.parity.uuid,CIEL 1053,,verified,DAK CIEL code matches the alias already declared in variables.properties.
Family Planning,,EMR.FP.DE13,New,,,,2026-08-28,implement-local,mch,concepts,var.concept.mch.fp-client-new.uuid,local,familyPlanningClientType,verified,Answer code. No CIEL code in the DAK. Implemented as a local MCH concept and offered as an answer to Family Planning Client Type.
Family Planning,,EMR.FP.DE14,Continue,,,159835,2026-08-28,implement-local,mch,concepts,var.concept.mch.fp-client-continuing.uuid,local,familyPlanningClientType,unverified,Answer code. DIVERGENCE: DAK proposes CIEL 159835; implemented as a local MCH concept paired with New so both answers of Family Planning Client Type come from one layer. Revisit if 159835 is confirmed.
Family Planning,,EMR.FP.DE15,Counselling done,,Boolean,1382,2026-08-28,reuse-local,national,concepts,var.concept.national.counselling-done.uuid,local,counsellingDone,unverified,DIVERGENCE: DAK proposes CIEL 1382; the form reuses the existing national Counselling done question rather than minting a second concept for the same thing.
Family Planning,,EMR.FP.DE16,Purpose of Visit,,List - select all that apply,1878,2026-08-28,reuse-local,national,concepts,var.concept.national.purpose-of-visit.uuid,local,purposeOfVisit,unverified,DIVERGENCE: DAK proposes CIEL 1878; the form reuses the existing national Purpose of visit question. Its answer set is extended by conceptsets-mch.csv rather than replaced.
Family Planning,,EMR.FP.DE17,For Commodities,Purpose of visit,List value,,2026-08-28,reuse-local,national,concepts,var.concept.national.for-commodities.uuid,local,purposeOfVisit,verified,Answer code. No CIEL code in the DAK. Already a member of the national Purpose of visit answer set; reused unchanged.
Family Planning,,EMR.FP.DE18,Side effects,Purpose of visit,List value,163296,2026-08-28,implement-local,mch,concepts,var.concept.mch.fp-purpose-side-effects.uuid,local,purposeOfVisit,unverified,Answer code. DIVERGENCE: DAK proposes CIEL 163296; implemented locally and added to the national Purpose of visit answer set via conceptsets-mch.csv.
Family Planning,,EMR.FP.DE19,Jadelle/IUCD removal,Purpose of visit,List value,,2026-08-28,implement-local,mch,concepts,var.concept.mch.fp-purpose-jadelle-iucd-removal.uuid,local,purposeOfVisit,verified,Answer code. No CIEL code in the DAK. Added to the national Purpose of visit answer set; also gates the Method Removal section.
Family Planning,,EMR.FP.DE20,Post-partum FP,,,163159,2026-08-28,implement-local,mch,concepts,var.concept.mch.fp-purpose-post-partum-fp.uuid,local,purposeOfVisit,unverified,Answer code. DIVERGENCE: DAK proposes CIEL 163159; implemented locally and added to the national Purpose of visit answer set.
Family Planning,,EMR.FP.DE21,Date of removal,,Date,,2026-08-28,reuse-local,national,concepts,var.concept.national.date-when-the-family-planning-method-was-removed.uuid,local,dateMethodRemoved,verified,No CIEL code in the DAK. Reuses the existing national date question; shown only when Purpose of visit includes Jadelle/IUCD removal.
Family Planning,,EMR.FP.DE22,Family Planning method dispensed,,Coding,374,2026-07-30,reuse-ciel,mch,concepts,var.concept.ciel.fp-method.uuid,CIEL 374,,verified,DAK CIEL code matches the alias already declared in variables.properties.
Family Planning,,EMR.FP.DE23,Male Condoms,,Code,164813,2026-08-28,reuse-ciel,mch,concepts,var.concept.ciel.male-condoms.uuid,CIEL 164813,chosenFamilyPlanningMethod;familyPlanningMethodDispensed,verified,Answer code. DAK CIEL code matches the concept used on both method questions.
Family Planning,,EMR.FP.DE24,Female Condoms,,Code,164814,2026-08-28,reuse-ciel,mch,concepts,var.concept.ciel.female-condoms.uuid,CIEL 164814,chosenFamilyPlanningMethod;familyPlanningMethodDispensed,verified,Answer code. DAK CIEL code matches the concept used on both method questions.
Family Planning,,EMR.FP.DE25,Cycle beads,,Code,163759,2026-08-28,implement-local,mch,concepts,var.concept.mch.fp-cycle-beads.uuid,local,chosenFamilyPlanningMethod;familyPlanningMethodDispensed,unverified,Answer code. DIVERGENCE: DAK proposes CIEL 163759; implemented locally alongside the other Liberia method commodities.
Family Planning,,EMR.FP.DE26,Oral contraceptive pills (Microgynon),,Code,159783,2026-08-28,implement-local,mch,concepts,var.concept.mch.fp-microgynon.uuid,local,chosenFamilyPlanningMethod;familyPlanningMethodDispensed,unverified,"Answer code. DIVERGENCE: DAK proposes CIEL 159783; implemented locally because the Liberia list names the branded commodity (Microgynon), not the generic COC."
Family Planning,,EMR.FP.DE27,Oral contraceptive pills (Microlut),,Code,,2026-08-28,implement-local,mch,concepts,var.concept.mch.fp-microlut.uuid,local,chosenFamilyPlanningMethod;familyPlanningMethodDispensed,verified,"Answer code. No CIEL code in the DAK. Progestogen-only pill; deliberately unmapped in decision table FP.LO.004-3, which has no POP branch."
Family Planning,,EMR.FP.DE28,Injectables (Depo Provera),,Code,,2026-08-28,reuse-ciel,mch,concepts,var.concept.ciel.injectable-contraceptives.uuid,CIEL 5279,chosenFamilyPlanningMethod,review,"Answer code. No CIEL code in the DAK. Chosen method uses CIEL 5279; Dispensed uses CIEL 907 medroxyprogesterone. UNRESOLVED: the two questions use different concepts for one method, so reporting will not aggregate until one is made canonical."
Family Planning,,EMR.FP.DE29,IUCDS,,Code,5275,2026-08-28,reuse-ciel,mch,concepts,var.concept.ciel.iud.uuid,CIEL 5275,chosenFamilyPlanningMethod,review,Answer code. DAK CIEL code matches the concept used on Chosen method. Dispensed uses the pre-existing local var.concept.national.iuds.uuid. UNRESOLVED: same split as EMR.FP.DE28.
Family Planning,,EMR.FP.DE30,Implants,,Code,,2026-08-28,implement-local,mch,concepts,var.concept.mch.fp-implants.uuid,local,chosenFamilyPlanningMethod;familyPlanningMethodDispensed,verified,Answer code. No CIEL code in the DAK. Also gates the implant eligibility screen and the Implant Procedure section.
Family Planning,,EMR.FP.DE31,Sayana Press,,Code,170789,2026-08-28,implement-local,mch,concepts,var.concept.mch.fp-sayana-press.uuid,local,chosenFamilyPlanningMethod;familyPlanningMethodDispensed,unverified,Answer code. DIVERGENCE: DAK proposes CIEL 170789; implemented locally because the Liberia list names the branded subcutaneous DMPA presentation.
(none),Antenatal Care,,Estimated date of delivery,,,,2026-07-30,reuse-ciel,mch,concepts,var.concept.ciel.edd.uuid,CIEL 5596,,no-dak-source,No EDD data element anywhere in the DAK. Confirm it is intended as derived from LMP rather than recorded.
(none),Labour and Delivery,,Birth outcome,,,,2026-07-30,reuse-ciel,mch,concepts,var.concept.ciel.birth-outcome.uuid,CIEL 159917,,no-dak-source,"DAK carries live births and fresh/macerated stillbirths only as aggregate Reporting rows, not as an L&D data element."
(none),Labour and Delivery,,Cervical Dilation,,,,2026-07-30,implement-local,mch,concepts,var.concept.partograph.cervical-dilation.uuid,local,,no-dak-source,"The DAK has no partograph tab and no intrapartum monitoring elements. This concept has no DAK source and needs one, or an explicit decision that the WHO SMART Guidelines partograph governs instead."
(none),Labour and Delivery,,Descent of Fetal Head,,,,2026-07-30,implement-local,mch,concepts,var.concept.partograph.descent-of-head.uuid,local,,no-dak-source,"The DAK has no partograph tab and no intrapartum monitoring elements. This concept has no DAK source and needs one, or an explicit decision that the WHO SMART Guidelines partograph governs instead."
(none),Labour and Delivery,,Uterine Contractions per 10 Minutes,,,,2026-07-30,implement-local,mch,concepts,var.concept.partograph.contractions-per-10min.uuid,local,,no-dak-source,"The DAK has no partograph tab and no intrapartum monitoring elements. This concept has no DAK source and needs one, or an explicit decision that the WHO SMART Guidelines partograph governs instead."
(none),Labour and Delivery,,Uterine Contraction Duration,,,,2026-07-30,implement-local,mch,concepts,var.concept.partograph.contraction-duration.uuid,local,,no-dak-source,"The DAK has no partograph tab and no intrapartum monitoring elements. This concept has no DAK source and needs one, or an explicit decision that the WHO SMART Guidelines partograph governs instead."
(none),Labour and Delivery,,Amniotic Fluid Character,,,,2026-07-30,implement-local,mch,concepts,var.concept.partograph.amniotic-fluid.uuid,local,,no-dak-source,"The DAK has no partograph tab and no intrapartum monitoring elements. This concept has no DAK source and needs one, or an explicit decision that the WHO SMART Guidelines partograph governs instead."
(none),Labour and Delivery,,Fetal Skull Moulding,,,,2026-07-30,reuse-ciel,mch,concepts,var.concept.ciel.moulding.uuid,CIEL 166527,,no-dak-source,"The DAK has no partograph tab and no intrapartum monitoring elements. Uses CIEL 166527 Degree of foetal moulding rather than the rejected local concept with undeclared answers; the governing clinical source still needs an explicit decision."
(none),Intermittent Treatment (IPT),,IPTp deferral reason,,,,2026-08-11,implement-local,mch,concepts,var.concept.mch.iptp-deferral-reason.uuid,local,anc-initial.json#iptpDeferralReason;anc-followup.json#iptpDeferralReason,no-dak-source,"Not a DAK data element. Supporting metadata for the Fatima acceptance case: Woman receiving IPT = No and IPTp deferral reason = Malaria treatment initiated. The answer set is deliberately limited to that one clinically approved reason, so the form leaves the question OPTIONAL -- IPT is also legitimately not given below 13 weeks gestation, when the schedule is complete, on SP stock-out, or on documented sulfa allergy, and none of those can be recorded yet. Extend the answer set with the clinical team before making it required."
(none),Intermittent Treatment (IPT),,Malaria treatment initiated,IPTp deferral reason,,,2026-08-11,implement-local,mch,concepts,var.concept.mch.iptp-deferred-malaria-treatment.uuid,local,anc-initial.json#iptpDeferralReason;anc-followup.json#iptpDeferralReason,no-dak-source,Answer for IPTp deferral reason. No additional deferral reasons invented in this increment; see the DE-less IPTp deferral reason row for the reasons still missing.
(none),Antenatal Care,,Colour abnormality description,,,,2026-07-30,implement-local,mch,concepts,var.concept.mch.colour-abnormality-description.uuid,local,anc-initial.json#colourAbnormalityDescription,no-dak-source,"Not a DAK data element: the DAK Physical Examination section has only the generic LBR.EMR.DE.17 Explain abnormalities (per the 2026-07-30 read recorded on that row; not re-read). Local Text question so the description stays attributable to its finding. Shown and required only when Colour (LBR.EMR.DE.7) is Abnormal. maxLength 2000, carried over from DE.17. No CIEL term asserted."
(none),Antenatal Care,,Heart abnormality description,,,,2026-07-30,implement-local,mch,concepts,var.concept.mch.heart-abnormality-description.uuid,local,anc-initial.json#heartAbnormalityDescription,no-dak-source,"Not a DAK data element; see the Colour abnormality description row. Shown and required only when Heart (LBR.EMR.DE.10) is Abnormal."
(none),Antenatal Care,,Lungs abnormality description,,,,2026-07-30,implement-local,mch,concepts,var.concept.mch.lungs-abnormality-description.uuid,local,anc-initial.json#lungsAbnormalityDescription,no-dak-source,"Not a DAK data element; see the Colour abnormality description row. Shown and required only when Lungs (LBR.EMR.DE.11) is Abnormal."
(none),Antenatal Care,,Breasts abnormality description,,,,2026-07-30,implement-local,mch,concepts,var.concept.mch.breasts-abnormality-description.uuid,local,anc-initial.json#breastsAbnormalityDescription,no-dak-source,"Not a DAK data element; see the Colour abnormality description row. Shown and required only when Breasts (LBR.EMR.DE.12) is Abnormal."
(none),Antenatal Care,,Nipples abnormality description,,,,2026-07-30,implement-local,mch,concepts,var.concept.mch.nipples-abnormality-description.uuid,local,anc-initial.json#nipplesAbnormalityDescription,no-dak-source,"Not a DAK data element; see the Colour abnormality description row. Shown and required only when Nipples (LBR.EMR.DE.13) is Abnormal."
(none),Antenatal Care,,Abdomen abnormality description,,,,2026-07-30,implement-local,mch,concepts,var.concept.mch.abdomen-abnormality-description.uuid,local,anc-initial.json#abdomenAbnormalityDescription,no-dak-source,"Not a DAK data element; see the Colour abnormality description row. Shown and required only when Abdomen (LBR.EMR.DE.14) is Abnormal."
(none),Antenatal Care,,Extremities abnormality description,,,,2026-07-30,implement-local,mch,concepts,var.concept.mch.extremities-abnormality-description.uuid,local,anc-initial.json#extremitiesAbnormalityDescription,no-dak-source,"Not a DAK data element; see the Colour abnormality description row. Shown and required only when Extremities (LBR.EMR.DE.15) is Abnormal."
(none),Antenatal Care,,Pelvic examination abnormality description,,,,2026-07-30,implement-local,mch,concepts,var.concept.mch.pelvic-examination-abnormality-description.uuid,local,anc-initial.json#pelvicExaminationAbnormalityDescription,no-dak-source,"Not a DAK data element; see the Colour abnormality description row. Shown and required only when Pelvic examination (LBR.EMR.DE.16) is Abnormal."
(none),PNC,,Newborn Postnatal Contact,,,,2026-08-19,implement-local,mch,concepts,var.concept.mch.newborn-pnc-contact.uuid,local,newborn-pnc.json#newbornPostnatalContact,verified,"Dedicated local MCH coded question for newborn postnatal contact timing classification. Answers: PNC 1 (within 24h), PNC 2 (within 7d), PNC 3 (within 28d), PNC 4 (within 42d). Does not reuse maternal PPC1-PPC4 concepts."
(none),PNC,,PNC 1: Received within 24 hours,Newborn Postnatal Contact,,,2026-08-19,implement-local,mch,concepts,var.concept.mch.pnc-1-received-within-24hrs.uuid,local,newborn-pnc.json#newbornPostnatalContact,verified,Newborn-specific answer for contact within 24 hours of birth.
(none),PNC,,PNC 2: Received within 7 days,Newborn Postnatal Contact,,,2026-08-19,implement-local,mch,concepts,var.concept.mch.pnc-2-received-within-7-days.uuid,local,newborn-pnc.json#newbornPostnatalContact,verified,Newborn-specific answer for contact within 7 days of birth.
(none),PNC,,PNC 3: Received within 28 days,Newborn Postnatal Contact,,,2026-08-19,implement-local,mch,concepts,var.concept.mch.pnc-3-received-within-28-days.uuid,local,newborn-pnc.json#newbornPostnatalContact,verified,Newborn-specific answer for contact within 28 days of birth.
(none),PNC,,PNC 4: Received within 42 days,Newborn Postnatal Contact,,,2026-08-19,implement-local,mch,concepts,var.concept.mch.pnc-4-received-within-42-days.uuid,local,newborn-pnc.json#newbornPostnatalContact,verified,Newborn-specific answer for contact within 42 days (6 weeks) of birth. Drives later static vaccine reminders.
(none),PNC,,Newborn Postnatal Complications,,,,2026-08-19,implement-local,mch,concepts,var.concept.mch.newborn-pnc-complications.uuid,local,newborn-pnc.json#newbornPostnatalComplications,verified,"Coded question for newborn complications and danger signs. 17 answers in exact DAK order. Reuses CIEL 1107 (None), CIEL 143050 (Cyanosis), CIEL 143388 (Convulsions in newborn), CIEL 150915 (Abdominal distension), CIEL 140238 (Fever), CIEL 137998 (Hypothermia of newborn), CIEL 5622 (Other). 10 answers are local MCH concepts because no exact CIEL equivalents exist."
(none),PNC,,"Noisy breathing (grunting, stridor)",Newborn Postnatal Complications,,,2026-08-19,implement-local,mch,concepts,var.concept.mch.noisy-breathing.uuid,local,newborn-pnc.json#newbornPostnatalComplications,verified,"Local MCH danger sign answer. No exact CIEL concept combines noisy breathing, grunting, and stridor."
(none),PNC,,"Slow breathing, gasping, apnoea",Newborn Postnatal Complications,,,2026-08-19,implement-local,mch,concepts,var.concept.mch.slow-breathing-gasping-apnoea.uuid,local,newborn-pnc.json#newbornPostnatalComplications,verified,"Local MCH danger sign answer. No exact CIEL concept combines slow breathing, gasping, and apnoea."
(none),PNC,,Flaring of the nostrils with each breath,Newborn Postnatal Complications,,,2026-08-19,implement-local,mch,concepts,var.concept.mch.flaring-of-nostrils.uuid,local,newborn-pnc.json#newbornPostnatalComplications,verified,Local MCH danger sign answer. Lacks exact CIEL equivalent for the specific DAK phrasing with each breath.
(none),PNC,,Not able to feed at all or not feeding well,Newborn Postnatal Complications,,,2026-08-19,implement-local,mch,concepts,var.concept.mch.not-able-to-feed.uuid,local,newborn-pnc.json#newbornPostnatalComplications,verified,Local MCH danger sign answer. No exact CIEL composite finding for feeding inability or poor feeding.
(none),PNC,,Fast breathing (breathing rate ≥ 60/min),Newborn Postnatal Complications,,,2026-08-19,implement-local,mch,concepts,var.concept.mch.fast-breathing.uuid,local,newborn-pnc.json#newbornPostnatalComplications,verified,Local MCH danger sign answer. No exact CIEL tachypnea finding includes the >=60/min threshold.
(none),PNC,,Severe chest in-drawing,Newborn Postnatal Complications,,,2026-08-19,implement-local,mch,concepts,var.concept.mch.severe-chest-indrawing.uuid,local,newborn-pnc.json#newbornPostnatalComplications,verified,Local MCH danger sign answer. No exact CIEL recession concept includes the Severe qualifier.
(none),PNC,,Movement only when stimulated or no movement at all,Newborn Postnatal Complications,,,2026-08-19,implement-local,mch,concepts,var.concept.mch.movement-only-when-stimulated.uuid,local,newborn-pnc.json#newbornPostnatalComplications,verified,Local MCH danger sign answer. No composite CIEL concept exists for response-to-stimuli range.
(none),PNC,,Draining purulent discharge from stump or cut,Newborn Postnatal Complications,,,2026-08-19,implement-local,mch,concepts,var.concept.mch.draining-purulent-discharge-stump-cut.uuid,local,newborn-pnc.json#newbornPostnatalComplications,verified,"Local MCH danger sign answer. CIEL 132407 (Omphalitis of newborn) is a diagnosis, not the specific discharge finding."
(none),PNC,,Bleeding from stump or cut,Newborn Postnatal Complications,,,2026-08-19,implement-local,mch,concepts,var.concept.mch.bleeding-from-stump-cut.uuid,local,newborn-pnc.json#newbornPostnatalComplications,verified,Local MCH danger sign answer. No exact CIEL finding for umbilical stump or cut bleeding.
(none),PNC,,Any jaundice in the first 24 hrs of life,Newborn Postnatal Complications,,,2026-08-19,implement-local,mch,concepts,var.concept.mch.jaundice-first-24hrs.uuid,local,newborn-pnc.json#newbornPostnatalComplications,verified,Local MCH danger sign answer. CIEL 115368 (Neonatal jaundice) is a general diagnosis; no CIEL concept includes the 24-hour onset timeframe finding.
(none),PNC,,Other newborn complication details,Other (specify),Text,,2026-08-19,implement-local,mch,concepts,var.concept.mch.other-newborn-complication-details.uuid,local,newborn-pnc.json#otherNewbornComplicationDetails,verified,Companion Text question for details when Other is selected under newborn postnatal complications.
(none),Family Planning,,Family Planning Client Type,,List - select one,,2026-08-28,implement-local,mch,concepts,var.concept.mch.fp-client-type.uuid,local,familyPlanningClientType,no-dak-source,No DAK source. The DAK gives New (DE13) and Continue (DE14) as bare values with no parent question; this concept is the question that carries them.
(none),Family Planning,,Chosen Family Planning Method,,Coding,,2026-08-28,implement-local,mch,concepts,var.concept.mch.fp-chosen-method.uuid,local,chosenFamilyPlanningMethod,no-dak-source,"No DAK source. The DAK has only Family Planning method dispensed (DE22). Counselling outcome and commodity issue are different clinical events, so chosen method is captured separately; its answer set adds LAM, which is not dispensable."
(none),Family Planning,,Lactational Amenorrhea Method (LAM),Chosen Family Planning Method,Code,,2026-08-28,implement-local,mch,concepts,var.concept.mch.fp-lam.uuid,local,chosenFamilyPlanningMethod,no-dak-source,"No DAK source. LAM appears in neither workbook. Answer on Chosen method only - it is a behaviour, not a commodity, so it is deliberately not an answer on Dispensed."
(none),Family Planning,,Exclusive Breastfeeding,,Coding,,2026-08-28,implement-local,mch,concepts,var.concept.mch.fp-exclusive-breastfeeding.uuid,local,exclusiveBreastfeeding,no-dak-source,No DAK source. LAM criterion 1. Guidance is derived and read-only; no LAM eligibility observation is stored.
(none),Family Planning,,Date of Last Delivery,,Date,,2026-08-28,implement-local,mch,concepts,var.concept.mch.fp-date-of-delivery.uuid,local,dateOfLastDelivery,no-dak-source,"No DAK source. LAM criterion 3 - drives the six-month post-partum boundary, computed with calendar-month semantics including month-end clamping."
(none),Family Planning,,Unexplained Vaginal Bleeding,,Coding,,2026-08-28,implement-local,mch,concepts,var.concept.mch.fp-unexplained-vaginal-bleeding.uuid,local,unexplainedVaginalBleeding,no-dak-source,No DAK source. WHO MEC implant screening. Absent from both workbooks; WHO guidance is the only basis.
(none),Family Planning,,History of Breast Cancer,,Coding,,2026-08-28,implement-local,mch,concepts,var.concept.mch.fp-history-breast-cancer.uuid,local,historyOfBreastCancer,no-dak-source,"No DAK source. WHO MEC implant screening. One yes/no cannot separate MEC Category 4 (current) from Category 3 (past), so the form reports the caution rather than inventing an eligibility answer."
(none),Family Planning,,Severe Liver Disease or Jaundice,,Coding,,2026-08-28,implement-local,mch,concepts,var.concept.mch.fp-severe-liver-disease.uuid,local,severeLiverDisease,no-dak-source,No DAK source. WHO MEC implant screening.
(none),Family Planning,,Current DVT or Pulmonary Embolism,,Coding,,2026-08-28,implement-local,mch,concepts,var.concept.mch.fp-current-dvt-pe.uuid,local,currentDvtOrPulmonaryEmbolism,no-dak-source,No DAK source. WHO MEC implant screening.
(none),Family Planning,,Contraceptive Implant Inserted,,Coding,,2026-08-28,implement-local,mch,concepts,var.concept.mch.fp-implant-inserted.uuid,local,implantInserted,no-dak-source,No DAK source. Records that the procedure was performed. Deliberately distinct from the dispensed commodity: issuing an implant is not inserting one.
(none),Family Planning,,Date of contraceptive implant insertion,,Date,,2026-08-28,implement-local,mch,concepts,var.concept.mch.fp-implant-insertion-date.uuid,local,implantInsertionDate,no-dak-source,No DAK source. Conditionally required when Implant Inserted = Yes. Captured as a plain observation; no follow-up date is derived from it.
Family Planning (decision table),FP.LO.004-3 PregTestNegative,FP.DE.434,Perform pregnancy test,,,,2026-08-28,implement-local,mch,concepts,var.concept.mch.fp-perform-pregnancy-test.uuid,local,,unverified,"Source: Liberia EMR Decision table workbook (external, not committed; sha256 5525bf0128fac48a667f8b98ce19cd9c8d2e85f9bec39787c4cda0afa4555544), sheet 'FP.LO.004-3. PregTestNegative', decision FP.LO.004, read 2026-08-28. ID and label verbatim from the sheet (row 3 IDs, row 4 labels); mapped on label, not on the FP.DE code. Declared but UNUSED: rules require Perform pregnancy test = 1, which the form treats as implied by a recorded Negative result. Left in place; content is append-only."
Family Planning (decision table),FP.LO.004-3 PregTestNegative,FP.DE.252,Amenorrhea,,,,2026-08-28,implement-local,mch,concepts,var.concept.mch.fp-amenorrhea.uuid,local,amenorrhea,unverified,"Source: Liberia EMR Decision table workbook (external, not committed; sha256 5525bf0128fac48a667f8b98ce19cd9c8d2e85f9bec39787c4cda0afa4555544), sheet 'FP.LO.004-3. PregTestNegative', decision FP.LO.004, read 2026-08-28. ID and label verbatim from the sheet (row 3 IDs, row 4 labels); mapped on label, not on the FP.DE code. Required = 1 by every implemented rule (1, 2, 3, 4, 9, 10)."
Family Planning (decision table),FP.LO.004-3 PregTestNegative,FP.DE.254,Missed or late mensus,,,,2026-08-28,implement-local,mch,concepts,var.concept.mch.fp-missed-menses.uuid,local,missedOrLateMenses,unverified,"Source: Liberia EMR Decision table workbook (external, not committed; sha256 5525bf0128fac48a667f8b98ce19cd9c8d2e85f9bec39787c4cda0afa4555544), sheet 'FP.LO.004-3. PregTestNegative', decision FP.LO.004, read 2026-08-28. ID and label verbatim from the sheet (row 3 IDs, row 4 labels); mapped on label, not on the FP.DE code. Source spelling retained. Non-amenorrhoeic branch; rules 19, 22, 23 not implemented."
Family Planning (decision table),FP.LO.004-3 PregTestNegative,,Time since unprotected sex,,,,2026-08-28,implement-local,mch,concepts,var.concept.mch.fp-days-since-unprotected-sex.uuid,local,daysSinceUnprotectedSex,unverified,"Source: Liberia EMR Decision table workbook (external, not committed; sha256 5525bf0128fac48a667f8b98ce19cd9c8d2e85f9bec39787c4cda0afa4555544), sheet 'FP.LO.004-3. PregTestNegative', decision FP.LO.004, read 2026-08-28. ID and label verbatim from the sheet (row 3 IDs, row 4 labels); mapped on label, not on the FP.DE code. The sheet gives this input no ID. Drives the '<=5 days' emergency-contraception boundary (rules 1, 3, 9). Integer-only in the form schema."
Family Planning (decision table),FP.LO.004-3 PregTestNegative,FP.DE.029,Pregnancy test result,,,,2026-08-28,reuse-ciel,mch,concepts,var.concept.ciel.pregnancy-test-result.uuid,CIEL 45,pregnancyTestResult,verified,"Source: Liberia EMR Decision table workbook (external, not committed; sha256 5525bf0128fac48a667f8b98ce19cd9c8d2e85f9bec39787c4cda0afa4555544), sheet 'FP.LO.004-3. PregTestNegative', decision FP.LO.004, read 2026-08-28. ID and label verbatim from the sheet (row 3 IDs, row 4 labels); mapped on label, not on the FP.DE code. The sheet asserts no CIEL code; CIEL 45 is our choice. Answers restricted to CIEL 664 Negative, CIEL 703 Positive. Every implemented rule requires Negative."
Family Planning (decision table),FP.LO.004-3 PregTestNegative,FP.DE.078,Follow up visit recommended date,,Date,,2026-08-28,reuse-ciel,mch,concepts,var.concept.ciel.return-visit-date.uuid,CIEL 5096,repeatPregnancyTestDate,verified,"Source: Liberia EMR Decision table workbook (external, not committed; sha256 5525bf0128fac48a667f8b98ce19cd9c8d2e85f9bec39787c4cda0afa4555544), sheet 'FP.LO.004-3. PregTestNegative', decision FP.LO.004, read 2026-08-28. ID and label verbatim from the sheet (row 3 IDs, row 4 labels); mapped on label, not on the FP.DE code. Output 'Encounter Date + 21 days' on rules 1, 2, 3, 4, 9, 10 with FP.DE.267 Follow up recommended = 1. Derived and read-only. UNRESOLVED: rules 3 and 4 apply to implant clients, so a one-calendar-month implant review would need a second, indistinguishable value on this concept in the same encounter. Automatic conversion of next-contact observations into Appointment resources is deferred to a separate Jira per CTO direction."
Family Planning (decision table),FP.LO.004-3 PregTestNegative,FP.DE.056,Type of pregnancy test,,,,2026-08-28,not-implemented,,,,,,conflict,"Source: Liberia EMR Decision table workbook (external, not committed; sha256 5525bf0128fac48a667f8b98ce19cd9c8d2e85f9bec39787c4cda0afa4555544), sheet 'FP.LO.004-3. PregTestNegative', decision FP.LO.004, read 2026-08-28. ID and label verbatim from the sheet (row 3 IDs, row 4 labels); mapped on label, not on the FP.DE code. NOT captured by the form, so rules 19, 22 and 23 are not implemented: 19 and 22 differ only on this input, and rule 19 is self-inconsistent at source (Provide method = 0 while its Action reads 'Provide the method now'). Needs the DAK owner."
