code,sheet,name,classification,numerator_source,denominator_source,forms,encounter_types,concepts,disaggregations_supported,disaggregations_missing,flat_table,report_uuid,emr_priority,notes,owner
RMNCAH-009,RMNCAH,"Maternal mortality ratio per 100,000 live births",Not EMR-sourced,DHS/MICS/CRVS (sheet); EMR could count only facility deaths of women with a delivery/PNC encounter in the prior 42 days,Survey/CRVS live births; EMR has no live-birth data element,O3 mark-patient-deceased (person.dead/death_date/cause_of_death - not a form),Labor & Delivery 659775fb-05e4-427f-8d9f-7e4cabe19962,Cause of death 9272a14b-7260-4353-9e5b-5787b5dead9d (OCL DeathCause set; 6 coarse answers),age (person.birthdate); place of residence as County/Health District (address hierarchy STATE_PROVINCE/CITY_VILLAGE),,,,Low,Survey/CRVS indicator. A facility proxy (person.dead within 42 days of an L&D or PNC encounter) is possible but the cause-of-death answer set cannot code maternal causes and no form records live births.,LE-327
RMNCAH-010,RMNCAH,Infant mortality rate per 1000 live births,Not EMR-sourced,CRVS (birth and death registration),CRVS live births,O3 mark-patient-deceased (person.dead/death_date/cause_of_death - not a form),,Cause of death 9272a14b-7260-4353-9e5b-5787b5dead9d (OCL DeathCause set; 6 coarse answers),sex (person.gender); place of residence as County/Health District (address hierarchy STATE_PROVINCE/CITY_VILLAGE),socio-economic status/wealth quintile (no attribute); urban/rural (no field),,,Low,CRVS indicator; facility deaths under 12 months are countable from person.dead but cannot form a rate without live births.,LE-327
RMNCAH-011,RMNCAH,Under-5 mortality rate per 1000 live births,Not EMR-sourced,CRVS,CRVS live births,O3 mark-patient-deceased (person.dead/death_date/cause_of_death - not a form),,Cause of death 9272a14b-7260-4353-9e5b-5787b5dead9d (OCL DeathCause set; 6 coarse answers); Neonatal death 154223AAAAAAAAAAAAAAAAAAAAAAAAAAAAAA|CIEL:154223,age (person.birthdate); sex (person.gender); place of residence as County/Health District (address hierarchy STATE_PROVINCE/CITY_VILLAGE),socio-economic status/wealth quintile (no attribute),,,Low,CRVS indicator; facility deaths 0-59 months countable from person.dead only as a count.,LE-327
RMNCAH-012,RMNCAH,Neonatal Mortality Rate,Not EMR-sourced,CRVS,CRVS live births,O3 mark-patient-deceased (person.dead/death_date/cause_of_death - not a form),,Cause of death 9272a14b-7260-4353-9e5b-5787b5dead9d (OCL DeathCause set; 6 coarse answers); Neonatal death 154223AAAAAAAAAAAAAAAAAAAAAAAAAAAAAA|CIEL:154223,age (person.birthdate); sex (person.gender); place of residence as County/Health District (address hierarchy STATE_PROVINCE/CITY_VILLAGE),socio-economic status/wealth quintile (no attribute); birth weight (captured only in Newborn PNC as 5916; Third Stage records baby weight as 5089 on the mother),,,Low,CRVS indicator. Facility neonatal deaths (0-27 days) are countable only if the newborn was registered as a patient and marked deceased.,LE-327
RMNCAH-013,RMNCAH,Total fertility rate,Not EMR-sourced,DHS/MICS/CRVS,Survey population of women by age group,,,,,socio-economic status/wealth quintile (no attribute); urban/rural (no field),,,Low,Survey/CRVS demographic rate; not derivable from service records.,LE-327
RMNCAH-014,RMNCAH,Adolescent fertility or birth rate,Not EMR-sourced,DHS/MICS/CRVS,Survey exposure of women 15-19,3. Third Stage of Labor and Delivery v1.0 a1f46814-43c4-3690-9b87-ae4644b8b93a,Labor & Delivery 659775fb-05e4-427f-8d9f-7e4cabe19962,,age (person.birthdate),marital status (no attribute); socio-economic status/wealth quintile (no attribute); urban/rural (no field),,,Low,Survey/CRVS rate. Facility deliveries to mothers aged 10-19 are countable from L&D encounters but live births are not recorded and the denominator is a population.,LE-327
RMNCAH-015,RMNCAH,Percentage of women of reproductive age (aged 15-49) whose needs for family planning not satisfied with modern methods (Unmet needs),Not EMR-sourced,Survey construct (fertility intention of non-users); EMR sees only women who attend FP,Population of women 15-49,3. Family Planning v2.2 d012590e-16e4-36d1-b70d-255bcfa778fa,Family Planning Visit d260ac4b-8e21-4045-8bed-8cf60ad4b6c3 (var.encountertype.mch-family-planning.uuid),,age (person.birthdate); place of residence as County/Health District (address hierarchy STATE_PROVINCE/CITY_VILLAGE),socio-economic status/wealth quintile (no attribute); urban/rural (no field),,,Low,Sheet cites HMIS but unmet need requires fertility preferences of non-users; an EMR cannot observe it.,LE-327
RMNCAH-016,RMNCAH,Percentage of pregnant women attending 4+ ANC visits,Feasible with content change,ANC Initial + ANC Follow-up encounters (and 1. ANC Form visits) per pregnancy; 4+ distinct encounter dates,Women with a live birth in the period: NOT captured (no birth-outcome question); interim proxy = women with a Third Stage delivery encounter,ANC Initial Visit v1.2 30259289-f0ea-3604-b57d-91bfe4e68d5d; ANC Follow-up Visit v1.0 fbb1a3c2-558f-342c-998c-3ad60337e7fd; 1. ANC Form v1.1 bd1ae06c-f522-34dd-816f-1235c89bebee (derived; no repo variable); 3. Third Stage of Labor and Delivery v1.0 a1f46814-43c4-3690-9b87-ae4644b8b93a,ANC Initial Visit 1e4a7c92-6d05-4b38-9f21-c0a4e6f8b2d3; ANC Follow-up Visit 3f6c9e14-8a27-4d5a-b143-e2c608a4d6f5; Consultation dd528487-82a5-4082-9c72-ed246bd49591; Labor & Delivery 659775fb-05e4-427f-8d9f-7e4cabe19962,Date of last menstrual period 1427AAAAAAAAAAAAAAAAAAAAAAAAAAAAAAAA|CIEL:1427; ANC visit number 94028f5e-cb44-48e6-b999-bccb71258cd7 (local; answer 4th+ 7d8c9e6c-7cb5-4c13-bf55-5e527d328b4a),age (person.birthdate); place of residence as County/Health District (address hierarchy STATE_PROVINCE/CITY_VILLAGE); facility (encounter/visit location),socio-economic status/wealth quintile (no attribute); urban/rural (no field),,,High,Numerator is feasible now: pregnancy episode = LMP on ANC Initial (+ANC program enrolment 38c602a1 if used) and count distinct ANC contact dates across both form families; ANC contacts at other facilities are invisible locally. Denominator needs a live-birth data element (same gap as RMNCAH-027).,LE-327
RMNCAH-017,RMNCAH,Contraceptive prevalence rate,Feasible now,Women 15-49 whose latest FP encounter dispensed/chose a modern method still within its protection window at period end,numerator only (population of women 15-49),3. Family Planning v2.2 d012590e-16e4-36d1-b70d-255bcfa778fa,Family Planning Visit d260ac4b-8e21-4045-8bed-8cf60ad4b6c3 (var.encountertype.mch-family-planning.uuid),Chosen Family Planning Method c29a8e14-5b37-4d9f-810a-6e4f2b8d9012 (local); Family Planning method dispensed 6b3218a8-d692-4e0c-9b17-3477a33a2139 (local); Family Planning Client Type 3b1e7c92-8d05-4f38-9e21-c0a4e6f8b3d4 (local; New 5f3c9e14-0a27-4e5a-b243-e2c608a4d7f6 / Continuing 7a5e0b36-2c49-4e7c-8465-04e82ac6f9b8); Date when the family planning method was removed 5ae99c97-384d-42ed-bbb1-f8ad1afa24a1 (local),age (person.birthdate); sex (person.gender); place of residence as County/Health District (address hierarchy STATE_PROVINCE/CITY_VILLAGE); facility (encounter/visit location),socio-economic status/wealth quintile (no attribute); urban/rural (no field); education (no attribute),mamba_fact_rmncah_family_planning,report.rmncah.uuid,High,"Current user = method dispensed within method duration (pills/condoms 1-3 mo, injectable 3 mo, implant 3-5 y, IUD 10-12 y) with no later removal date; FP workflow state On method b2ea680f is an alternative if programme enrolment is used. Keyed on the form UUID: every column reads that form's questions, and the legacy v1.0 form has no FP encounter type (the MCH type now has its own variable).",LE-327
RMNCAH-018,RMNCAH,Percentage of diarrhea cases treated with oral rehydration solution in under 5,Feasible now,Children 0-59 months with a diarrhoea diagnosis and an ORS drug order/dispense in the same visit,Children 0-59 months with a diarrhoea diagnosis in the period,O3 visit note (esm-patient-notes-app; encounter_diagnosis - not a form obs); O3 order basket / dispensing (drug_order - not a form obs); OPD Consultation Form v2.0 0144c282-738a-375a-a7c4-8f2c80075899 (derived; repo var 96b72a44 is the ignored JSON uuid),Visit Note d7151f82-c1f3-4152-a605-2f9ea7414a79; Order 39da3525-afe4-45ff-8977-c53b7b359158 (drug orders; order-basket default - verify on a built DB); Consultation dd528487-82a5-4082-9c72-ed246bd49591,Diarrhoea 142412AAAAAAAAAAAAAAAAAAAAAAAAAAAAAA|CIEL:142412; Acute diarrhea 149856AAAAAAAAAAAAAAAAAAAAAAAAAAAAAA|CIEL:149856; Diarrhoea of presumed infectious origin 142407AAAAAAAAAAAAAAAAAAAAAAAAAAAAAA|CIEL:142407; Diarrhea for less than two weeks 163465AAAAAAAAAAAAAAAAAAAAAAAAAAAAAA|CIEL:163465; Diarrhea for more than two weeks 163713AAAAAAAAAAAAAAAAAAAAAAAAAAAAAA|CIEL:163713; Haemorrhagic diarrhoea 138868AAAAAAAAAAAAAAAAAAAAAAAAAAAAAA|CIEL:138868; Oral Rehydration Solution (ORS) drug concept 98764756-01cd-4a55-a339-b33ab13c4b46 (local; Drug 8c266df2-4709-50c8-8885-2f0d5b2f505a); Oral rehydration therapy 28001e9e-9369-421a-8e01-f2d9d68f0784 (local); General Exam: Dehydration 5866a81b-674f-4672-ae07-1a7609bade61 (local; OPD form),age (person.birthdate); sex (person.gender); place of residence as County/Health District (address hierarchy STATE_PROVINCE/CITY_VILLAGE); year/month (encounter_datetime); facility (encounter/visit location),urban/rural (no field),mamba_fact_malaria_diagnosis;mamba_fact_malaria_drug,report.rmncah.uuid,High,"Diagnoses come from the visit-note encounter_diagnosis table (DiagnosesStarterKit concepts), not from the OPD form, which has no diagnosis question. Link diagnosis and order by visit_id; include dispensed ORS if dispensing is used.",LE-327
RMNCAH-019,RMNCAH,Diarrhea incidence in children under 5,Feasible now,New diarrhoea diagnoses in children 0-59 months (first diagnosis per child within a 14-day episode window),numerator only (catchment under-5 population),O3 visit note (esm-patient-notes-app; encounter_diagnosis - not a form obs),Visit Note d7151f82-c1f3-4152-a605-2f9ea7414a79,Diarrhoea 142412AAAAAAAAAAAAAAAAAAAAAAAAAAAAAA|CIEL:142412; Acute diarrhea 149856AAAAAAAAAAAAAAAAAAAAAAAAAAAAAA|CIEL:149856; Diarrhoea of presumed infectious origin 142407AAAAAAAAAAAAAAAAAAAAAAAAAAAAAA|CIEL:142407; Diarrhea for less than two weeks 163465AAAAAAAAAAAAAAAAAAAAAAAAAAAAAA|CIEL:163465; Diarrhea for more than two weeks 163713AAAAAAAAAAAAAAAAAAAAAAAAAAAAAA|CIEL:163713; Haemorrhagic diarrhoea 138868AAAAAAAAAAAAAAAAAAAAAAAAAAAAAA|CIEL:138868,age (person.birthdate); sex (person.gender); place of residence as County/Health District (address hierarchy STATE_PROVINCE/CITY_VILLAGE); year/month (encounter_datetime),urban/rural (no field),mamba_fact_malaria_diagnosis,report.rmncah.uuid,Medium,Facility-attended cases only. Episode rule (14 days) is a proposal for the ADR to fix.,LE-327
RMNCAH-020,RMNCAH,Pneumonia incidence in under 5 years,Feasible now,New pneumonia diagnoses in children 0-59 months (one per child per 14-day window),numerator only (under-5 population),O3 visit note (esm-patient-notes-app; encounter_diagnosis - not a form obs),Visit Note d7151f82-c1f3-4152-a605-2f9ea7414a79,Pneumonia 114100AAAAAAAAAAAAAAAAAAAAAAAAAAAAAA|CIEL:114100; Acute bacterial pneumonia 1463AAAAAAAAAAAAAAAAAAAAAAAAAAAAAAAA|CIEL:1463; Bacterial pneumonia 121252AAAAAAAAAAAAAAAAAAAAAAAAAAAAAA|CIEL:121252; Viral pneumonia 123098AAAAAAAAAAAAAAAAAAAAAAAAAAAAAA|CIEL:123098; Congenital pneumonia 143772AAAAAAAAAAAAAAAAAAAAAAAAAAAAAA|CIEL:143772,age (person.birthdate); sex (person.gender); place of residence as County/Health District (address hierarchy STATE_PROVINCE/CITY_VILLAGE); provider (encounter_provider); year/month (encounter_datetime),socio-economic status/wealth quintile (no attribute),mamba_fact_malaria_diagnosis,report.rmncah.uuid,Medium,Facility-attended cases only; provider disaggregation from encounter_provider on the visit-note encounter.,LE-327
RMNCAH-021,RMNCAH,Pneumonia treatment rate,Feasible now,Under-5 pneumonia cases with an antibiotic drug order/dispense in the same visit,Under-5 pneumonia cases in the period,O3 visit note (esm-patient-notes-app; encounter_diagnosis - not a form obs); O3 order basket / dispensing (drug_order - not a form obs),Visit Note d7151f82-c1f3-4152-a605-2f9ea7414a79; Order 39da3525-afe4-45ff-8977-c53b7b359158 (drug orders; order-basket default - verify on a built DB),Pneumonia 114100AAAAAAAAAAAAAAAAAAAAAAAAAAAAAA|CIEL:114100; Acute bacterial pneumonia 1463AAAAAAAAAAAAAAAAAAAAAAAAAAAAAAAA|CIEL:1463; Bacterial pneumonia 121252AAAAAAAAAAAAAAAAAAAAAAAAAAAAAA|CIEL:121252; Viral pneumonia 123098AAAAAAAAAAAAAAAAAAAAAAAAAAAAAA|CIEL:123098; Congenital pneumonia 143772AAAAAAAAAAAAAAAAAAAAAAAAAAAAAA|CIEL:143772; Amoxicillin 71160AAAAAAAAAAAAAAAAAAAAAAAAAAAAAAA|CIEL:71160 (Drugs 4c076228-1fc3-5723-8012-9f2cb78a6c05; 7eb6de8c-fd85-4250-a2a6-08f060d55df8; a5211201-5ab7-42ab-93fb-1764c56a01c6); Amoxicillin and clavulanic acid 450AAAAAAAAAAAAAAAAAAAAAAAAAAAAAAAAA|CIEL:450; Co-trimoxazole 105281AAAAAAAAAAAAAAAAAAAAAAAAAAAAAA|CIEL:105281,age (person.birthdate); sex (person.gender); place of residence as County/Health District (address hierarchy STATE_PROVINCE/CITY_VILLAGE); provider (encounter_provider),socio-economic status/wealth quintile (no attribute),mamba_fact_malaria_diagnosis;mamba_fact_malaria_drug,report.rmncah.uuid,Medium,"The appropriate-antibiotic list needs a national guideline decision. The formulary has amoxicillin capsules only (no paediatric dispersible tablet or suspension), which may push prescribers to free text.",LE-327
RMNCAH-022,RMNCAH,SGBV VCT (Voluntary Counseling and Testing) rate,Needs new data capture,"SGBV cases with HIV counselling and testing: no SGBV case form, no counselling capture",All SGBV cases: only via generic sexual-violence diagnoses; physical and other GBV are not codable,O3 visit note (esm-patient-notes-app; encounter_diagnosis - not a form obs); Lab order (HIV rapid test),Visit Note d7151f82-c1f3-4152-a605-2f9ea7414a79,Victim of sexual aggression 123160AAAAAAAAAAAAAAAAAAAAAAAAAAAAAA|CIEL:123160; Sexual abuse 152370AAAAAAAAAAAAAAAAAAAAAAAAAAAAAA|CIEL:152370; Examination following sexual assault 126582AAAAAAAAAAAAAAAAAAAAAAAAAAAAAA|CIEL:126582; HIV rapid test 1 qualitative 1040AAAAAAAAAAAAAAAAAAAAAAAAAAAAAAAA|CIEL:1040,age (person.birthdate); sex (person.gender); place of residence as County/Health District (address hierarchy STATE_PROVINCE/CITY_VILLAGE),socio-economic status/wealth quintile (no attribute),,,Medium,"Needs an SGBV/clinical-management-of-rape form: type of violence, time since incident, HTS offered/result, PEP and EC given. A diagnosis plus an HIV test order in the same visit is at best a weak proxy.",LE-327
RMNCAH-023,RMNCAH,Percent of Health Centers with a Functioning theatre for EMONC,Not EMR-sourced,National supervision report,Functional health centres,,,,,,,,Low,"Facility assessment indicator, not patient-level.",LE-327
RMNCAH-024,RMNCAH,Proportion of clinics providing BEmONC Services,Not EMR-sourced,National supervision report,Functional clinics,,,,,,,,Low,Facility assessment indicator.,LE-327
RMNCAH-025,RMNCAH,Proportion of hospitals providing CEmONC Services,Not EMR-sourced,National supervision report,Functional hospitals and health centres,,,,,,,,Low,Facility assessment indicator.,LE-327
RMNCAH-026,RMNCAH,Percentage of all deliveries in facility that are Cesarean sections,Feasible now,L&D encounters where Delivery method = Cesarean section,numerator only for the sheet (expected deliveries 4.5% of catchment); facility denominator = L&D encounters with any Delivery method answer,1. First and Second Stage of Labor and Delivery v1.2 e74aaec7-e8c1-34a3-9b78-bd7efc32e3f4,Labor & Delivery 659775fb-05e4-427f-8d9f-7e4cabe19962,Delivery method 1b4f3a40-4cbd-4988-9602-74152ab64698 (local); Cesarean Section 1171AAAAAAAAAAAAAAAAAAAAAAAAAAAAAAAA|CIEL:1171; Spontaneous vaginal delivery (SVD) 3f450290-37d2-4a00-8754-5f4aeb9470c1 (local),age (person.birthdate); place of residence as County/Health District (address hierarchy STATE_PROVINCE/CITY_VILLAGE); facility (encounter/visit location); provider (encounter_provider),facility type (no location attribute; MFL group set not yet integrated); socio-economic status/wealth quintile (no attribute); cadre of professionals (no provider attribute),mamba_fact_rmncah_delivery,report.rmncah.uuid,Medium,"One delivery per mother per L&D episode (dedupe on patient + 42-day window). Delivery method has only SVD/CS, so assisted vaginal and breech deliveries are not separable. Caesareans done in theatre without the L&D form are missed.",LE-327
RMNCAH-027,RMNCAH,Percentage of total births that are still births,Needs new data capture,Stillbirths: no birth-outcome question on any L&D form; Delivery Summary form not written,Births (live + still): same gap,3. Third Stage of Labor and Delivery v1.0 a1f46814-43c4-3690-9b87-ae4644b8b93a,Labor & Delivery 659775fb-05e4-427f-8d9f-7e4cabe19962,Qualitative birth outcome 159917AAAAAAAAAAAAAAAAAAAAAAAAAAAAAA|CIEL:159917 (in OCL; used by no form); Fresh stillbirth 159916AAAAAAAAAAAAAAAAAAAAAAAAAAAAAA|CIEL:159916; Macerated stillbirth 135436AAAAAAAAAAAAAAAAAAAAAAAAAAAAAA|CIEL:135436,age (person.birthdate); place of residence as County/Health District (address hierarchy STATE_PROVINCE/CITY_VILLAGE); facility (encounter/visit location),facility type (no location attribute; MFL group set not yet integrated); socio-economic status/wealth quintile (no attribute); cadre of professionals (no provider attribute),,,High,Add Qualitative birth outcome (CIEL 159917: live birth / fresh stillbirth / macerated stillbirth) per baby to a new Third Stage version or the Delivery Summary. The DAK itself has no birth-outcome element.,LE-327
RMNCAH-028,RMNCAH,Percentage of delivery conducted at home,Feasible now,Mother PNC encounters with Place of Delivery = Home (one per mother per delivery),numerator only (expected deliveries 4.5% of catchment),Mother PNC v1.0 7e8cc637-0961-3441-9e51-aef987d0313d,Postnatal Visit b04e6a92-6c0f-4e23-a9cb-6ad4e8b2f4a1,Place of Delivery 68bcf423-25ab-48a5-8c0e-5bd1ee6b7e02 (local); Home 636aece0-5ab8-4e95-b491-192c3349cd79 (local); Health Facility 1537AAAAAAAAAAAAAAAAAAAAAAAAAAAAAAAA|CIEL:1537,age (person.birthdate); place of residence as County/Health District (address hierarchy STATE_PROVINCE/CITY_VILLAGE); facility (encounter/visit location),facility type (no location attribute; MFL group set not yet integrated); socio-economic status/wealth quintile (no attribute); cadre of professionals (no provider attribute),mamba_fact_rmncah_mother_pnc,report.rmncah.uuid,Low,"Counts only home deliveries that reach PNC, so it undercounts. Place of Delivery offers only Home or Health facility; en-route and other places are not capturable.",LE-327
RMNCAH-029,RMNCAH,SGBV emergency contraceptive rate,Needs new data capture,SGBV cases given EC: no SGBV form; no EC drug in the formulary (levonorgestrel 1.5 mg absent),All SGBV cases: see RMNCAH-022,O3 visit note (esm-patient-notes-app; encounter_diagnosis - not a form obs); O3 order basket / dispensing (drug_order - not a form obs),Visit Note d7151f82-c1f3-4152-a605-2f9ea7414a79; Order 39da3525-afe4-45ff-8977-c53b7b359158 (drug orders; order-basket default - verify on a built DB),Victim of sexual aggression 123160AAAAAAAAAAAAAAAAAAAAAAAAAAAAAA|CIEL:123160; Sexual abuse 152370AAAAAAAAAAAAAAAAAAAAAAAAAAAAAA|CIEL:152370; Examination following sexual assault 126582AAAAAAAAAAAAAAAAAAAAAAAAAAAAAA|CIEL:126582; Emergency contraceptive pills 160570AAAAAAAAAAAAAAAAAAAAAAAAAAAAAA|CIEL:160570 (MedSet; no Drug row); Levonorgestrel 78796AAAAAAAAAAAAAAAAAAAAAAAAAAAAAAA|CIEL:78796 (concept only; no Drug row),age (person.birthdate); sex (person.gender); place of residence as County/Health District (address hierarchy STATE_PROVINCE/CITY_VILLAGE),socio-economic status/wealth quintile (no attribute),,,Medium,Same SGBV form as RMNCAH-022 plus an EC Drug row (levonorgestrel 1.5 mg tablet) in drugs-pharmacy.csv. The FP form shows EC advice as markdown only and saves nothing.,LE-327
RMNCAH-030,RMNCAH,Prevalence of neurological disorders in newborns and persons aged 50+ years,Feasible with content change,Patients aged 0-28 days or 50+ with a neurological diagnosis (visit note) in the period,numerator only (population of newborns and 50+),O3 visit note (esm-patient-notes-app; encounter_diagnosis - not a form obs),Visit Note d7151f82-c1f3-4152-a605-2f9ea7414a79,Epilepsy 155AAAAAAAAAAAAAAAAAAAAAAAAAAAAAAAAA|CIEL:155; Epileptic seizure 118557AAAAAAAAAAAAAAAAAAAAAAAAAAAAAA|CIEL:118557; Seizure 206AAAAAAAAAAAAAAAAAAAAAAAAAAAAAAAAA|CIEL:206; Dementia 119566AAAAAAAAAAAAAAAAAAAAAAAAAAAAAA|CIEL:119566; Meningitis 115835AAAAAAAAAAAAAAAAAAAAAAAAAAAAAA|CIEL:115835; hydrocephalus: not in any loaded dictionary,age (person.birthdate); sex (person.gender); place of residence as County/Health District (address hierarchy STATE_PROVINCE/CITY_VILLAGE),socio-economic status/wealth quintile (no attribute),,,Low,"Needs a reporting ConvSet that defines neurological disorders (epilepsy, dementia, hydrocephalus, cerebral palsy, etc.), plus hydrocephalus added to the OCL collection. Newborns appear only if they are registered as patients.",LE-327
NUT-001,Nutrition,Percent of children under 5 years (6 - 59 months) assessed with MUAC by CHA,Not EMR-sourced,Community (CHA/CBIS),Catchment under-5 population,,,,,,,,Low,Community-level CHA activity; facility MUAC is covered by NUT-008.,LE-327
NUT-002,Nutrition,Anemia prevalence: children aged 6-59 months with hemoglobin measurement of <8 g/dl,Not EMR-sourced,DHS/MICS/SMART survey,Survey sample 6-59 months,Lab results; Mother PNC,,Haemoglobin 21AAAAAAAAAAAAAAAAAAAAAAAAAAAAAAAAAA|CIEL:21,age (person.birthdate); sex (person.gender); place of residence as County/Health District (address hierarchy STATE_PROVINCE/CITY_VILLAGE),socio-economic status/wealth quintile (no attribute); urban/rural (no field),,,Low,Survey prevalence. A facility proxy (Hb <8 among children 6-59 months with an Hb result) is possible from lab results.,LE-327
NUT-003,Nutrition,Percentage of children aged (0 - 5 months) exclusively breast fed,Needs new data capture,Infant feeding status of children 0-5 months: not captured on any child-level form,Children 0-5 months seen (the sheet uses a sampled population),3. Family Planning v2.2 d012590e-16e4-36d1-b70d-255bcfa778fa; Newborn PNC v1.0 e318b944-6faa-3828-acd6-6b0c98037070,Family Planning Visit d260ac4b-8e21-4045-8bed-8cf60ad4b6c3 (var.encountertype.mch-family-planning.uuid); Postnatal Visit b04e6a92-6c0f-4e23-a9cb-6ad4e8b2f4a1,Exclusive Breastfeeding b16bbe12-0077-40fb-a794-161c48abf975 (local; FP form - asked of the mother),age (person.birthdate); place of residence as County/Health District (address hierarchy STATE_PROVINCE/CITY_VILLAGE),socio-economic status/wealth quintile (no attribute); urban/rural (no field),,,Medium,"The only breastfeeding question is Exclusive Breastfeeding on the mother FP form (LAM screening), not per child. Add an infant-feeding question to Newborn PNC/immunization/growth-monitoring contacts.",LE-327
NUT-004,Nutrition,Percentage of Children Aged (6 - 23 months) who received Micronutrient Powder,Needs new data capture,MNP given: no MNP drug and no form question,numerator only (sampled population 6-23 months),,,,age (person.birthdate); sex (person.gender); place of residence as County/Health District (address hierarchy STATE_PROVINCE/CITY_VILLAGE),socio-economic status/wealth quintile (no attribute); urban/rural (no field),,,Low,Needs a micronutrient powder Drug row or a supplementation question on the Immunization form (new form version).,LE-327
NUT-005,Nutrition,"Percentage of Children aged (6 - 11 months) who received Vitamin A Blue (100,000iu)",Feasible now,"Children 6-11 months with Supplementary immunization activities = Vit.-A.Blue 100,000iu on the Immunization form (or a Vitamin A 100,000IU drug order)",numerator only (children 6-11 months population),Immunization v1.1 5ec3f3ef-f63d-3d4a-a828-8a0be01c1fb8; O3 order basket / dispensing (drug_order - not a form obs),Consultation dd528487-82a5-4082-9c72-ed246bd49591; Order 39da3525-afe4-45ff-8977-c53b7b359158 (drug orders; order-basket default - verify on a built DB),"Supplementary immunization activities 7b9409e2-1bec-452e-8f4f-be4848af19a9 (local); Vit.-A.Blue 100,000iu eb2f71a4-6689-464b-9d2c-76e84ef0cc76 (local); Vitamin A 86339AAAAAAAAAAAAAAAAAAAAAAAAAAAAAAA|CIEL:86339 (Drugs 100,000IU 68076ff1-898b-406f-9ab5-728d72f44cb7; 200,000IU 1a4d1f8b-c7b3-40ff-8b9b-953c61e8f08b)",age (person.birthdate); sex (person.gender); place of residence as County/Health District (address hierarchy STATE_PROVINCE/CITY_VILLAGE); facility (encounter/visit location),socio-economic status/wealth quintile (no attribute); urban/rural (no field),mamba_fact_nutrition_vitamin_a,report.nutrition.uuid,High,"Immunization form saves under the shared Consultation encounter type, so filter on form UUID. The sheet numerator text (two doses in 12 months, denominator 6-59 months) contradicts the name. Implement as named: one Blue dose to 6-11 months.",LE-327
NUT-006,Nutrition,"Proportion of Children (12 - 59 months) receiving Vitamin A Red (200,000iu)",Feasible with content change,"Children 12-59 months receiving Vitamin A 200,000 IU: only via a drug order; the Immunization form has no Vit-A Red answer",numerator only (children 12-59 months population),Immunization v1.1 5ec3f3ef-f63d-3d4a-a828-8a0be01c1fb8; O3 order basket / dispensing (drug_order - not a form obs),Consultation dd528487-82a5-4082-9c72-ed246bd49591; Order 39da3525-afe4-45ff-8977-c53b7b359158 (drug orders; order-basket default - verify on a built DB),"Supplementary immunization activities 7b9409e2-1bec-452e-8f4f-be4848af19a9 (local); Vitamin A 86339AAAAAAAAAAAAAAAAAAAAAAAAAAAAAAA|CIEL:86339 (Drugs 100,000IU 68076ff1-898b-406f-9ab5-728d72f44cb7; 200,000IU 1a4d1f8b-c7b3-40ff-8b9b-953c61e8f08b)",age (person.birthdate); sex (person.gender); place of residence as County/Health District (address hierarchy STATE_PROVINCE/CITY_VILLAGE); facility (encounter/visit location),socio-economic status/wealth quintile (no attribute); urban/rural (no field),,,High,"Add a Vit-A Red 200,000iu answer concept to Supplementary immunization activities (Immunization form v1.2) so Red and Blue are captured the same way. Until then, drug orders for Vitamin A 200,000IU capsule 1a4d1f8b are the only source. Two-doses-in-12-months logic is per child.",LE-327
NUT-007,Nutrition,Proportion of Children (6 - 59 months) with Severe Acute Malnutrition who are treated and cured,Needs new data capture,SAM cured: no nutrition (OTP/CMAM) programme and no exit outcome,SAM admissions 6-59 months: SAM diagnosis possible via visit note,O3 visit note (esm-patient-notes-app; encounter_diagnosis - not a form obs); O3 order basket / dispensing (drug_order - not a form obs); Triage Form v2.0 869443be-61f3-397f-be1c-ee3dcb591149 (derived; repo var cc825000 is the ignored JSON uuid); OPD Consultation Form v2.0 0144c282-738a-375a-a7c4-8f2c80075899 (derived; repo var 96b72a44 is the ignored JSON uuid),Visit Note d7151f82-c1f3-4152-a605-2f9ea7414a79; Order 39da3525-afe4-45ff-8977-c53b7b359158 (drug orders; order-basket default - verify on a built DB); Triage d66e9fe0-7d51-4ff9-b1e0-1b4b41ba2c72; Consultation dd528487-82a5-4082-9c72-ed246bd49591,"Severe acute malnutrition 163302AAAAAAAAAAAAAAAAAAAAAAAAAAAAAA|CIEL:163302; Kwashiorkor 116474AAAAAAAAAAAAAAAAAAAAAAAAAAAAAA|CIEL:116474; Nutritional marasmus 132636AAAAAAAAAAAAAAAAAAAAAAAAAAAAAA|CIEL:132636; Severe complicated malnutrition 162330AAAAAAAAAAAAAAAAAAAAAAAAAAAAAA|CIEL:162330; Severe uncomplicated malnutrition 162331AAAAAAAAAAAAAAAAAAAAAAAAAAAAAA|CIEL:162331; Mid-upper arm circumference 1343AAAAAAAAAAAAAAAAAAAAAAAAAAAAAAAA|CIEL:1343; RUTF drug concept ""Peanut, Sugar, Vegetable oil, Milk, Vitamins, minerals"" 85be45f9-2e97-4427-a1f8-0d3b830bef11 (local)",age (person.birthdate); sex (person.gender); place of residence as County/Health District (address hierarchy STATE_PROVINCE/CITY_VILLAGE),socio-economic status/wealth quintile (no attribute); urban/rural (no field),,,Medium,"Needs a CMAM/OTP programme with a workflow of exit states (cured, defaulted, died, non-response, transferred) and admission criteria (MUAC <11.5, WHZ <-3, oedema). The sheet numerator (SAM cases) alone is countable from diagnoses.",LE-327
NUT-008,Nutrition,Percent of Children (6 - 59 months) who MUAC < 11.5 CM,Feasible now,Children 6-59 months whose latest MUAC in the period is <11.5 cm (Triage/OPD form or vitals app),numerator only (sampled population); facility denominator = children 6-59 months with a MUAC recorded,Triage Form v2.0 869443be-61f3-397f-be1c-ee3dcb591149 (derived; repo var cc825000 is the ignored JSON uuid); OPD Consultation Form v2.0 0144c282-738a-375a-a7c4-8f2c80075899 (derived; repo var 96b72a44 is the ignored JSON uuid); O3 vitals app,Triage d66e9fe0-7d51-4ff9-b1e0-1b4b41ba2c72; Consultation dd528487-82a5-4082-9c72-ed246bd49591; Vitals 67a71486-1a54-468f-ac3e-7091a9a79584,Mid-upper arm circumference 1343AAAAAAAAAAAAAAAAAAAAAAAAAAAAAAAA|CIEL:1343,age (person.birthdate); sex (person.gender); place of residence as County/Health District (address hierarchy STATE_PROVINCE/CITY_VILLAGE); facility (encounter/visit location); year/month (encounter_datetime),socio-economic status/wealth quintile (no attribute); urban/rural (no field),mamba_fact_nutrition_anthropometry,report.nutrition.uuid,High,Dedupe to one measurement per child per period (latest). MUAC is only as complete as the triage practice for children.,LE-327
NUT-009,Nutrition,Number of Children aged (6-59 months) who weight for height is <-2 zscore to >=-3zscore,Feasible now,"Children 6-59 months with WHZ in [-3, -2): derived in ETL from same-encounter weight, height/length, sex and age (WHO 2006 standards)",Count indicator,Triage Form v2.0 869443be-61f3-397f-be1c-ee3dcb591149 (derived; repo var cc825000 is the ignored JSON uuid); OPD Consultation Form v2.0 0144c282-738a-375a-a7c4-8f2c80075899 (derived; repo var 96b72a44 is the ignored JSON uuid); O3 vitals app,Triage d66e9fe0-7d51-4ff9-b1e0-1b4b41ba2c72; Consultation dd528487-82a5-4082-9c72-ed246bd49591; Vitals 67a71486-1a54-468f-ac3e-7091a9a79584,Weight (kg) 5089AAAAAAAAAAAAAAAAAAAAAAAAAAAAAAAA|CIEL:5089; Height (cm) 5090AAAAAAAAAAAAAAAAAAAAAAAAAAAAAAAA|CIEL:5090; W/Z score 67bae27d-02d9-4c4b-9e03-6fc0f76db235 (local; described as weight-for-AGE z-score),age (person.birthdate); place of residence as County/Health District (address hierarchy STATE_PROVINCE/CITY_VILLAGE); facility (encounter/visit location),socio-economic status/wealth quintile (no attribute); urban/rural (no field),mamba_fact_nutrition_anthropometry,report.nutrition.uuid,Medium,"No stored WHZ: the triage W/Z score concept is defined as weight-for-AGE, so do not use it for WHZ. The ETL needs the WHO WHZ lookup table. The sheet numerator text says stunted, which contradicts the name; implement as named (moderate wasting).",LE-327
NUT-010,Nutrition,Number of children Aged (6 - 59 months) who Died of Severe Acute Malnutrition,Needs new data capture,"SAM deaths: no nutrition-programme outcome, and the cause-of-death answer set has no SAM",Count indicator,O3 mark-patient-deceased (person.dead/death_date/cause_of_death - not a form); O3 visit note (esm-patient-notes-app; encounter_diagnosis - not a form obs),Visit Note d7151f82-c1f3-4152-a605-2f9ea7414a79,Cause of death 9272a14b-7260-4353-9e5b-5787b5dead9d (OCL DeathCause set; 6 coarse answers); Severe acute malnutrition 163302AAAAAAAAAAAAAAAAAAAAAAAAAAAAAA|CIEL:163302; Kwashiorkor 116474AAAAAAAAAAAAAAAAAAAAAAAAAAAAAA|CIEL:116474; Nutritional marasmus 132636AAAAAAAAAAAAAAAAAAAAAAAAAAAAAA|CIEL:132636; Severe complicated malnutrition 162330AAAAAAAAAAAAAAAAAAAAAAAAAAAAAA|CIEL:162330; Severe uncomplicated malnutrition 162331AAAAAAAAAAAAAAAAAAAAAAAAAAAAAA|CIEL:162331,age (person.birthdate); place of residence as County/Health District (address hierarchy STATE_PROVINCE/CITY_VILLAGE),socio-economic status/wealth quintile (no attribute),,,Medium,Needs the CMAM exit state Died (see NUT-007) or a cause-of-death answer list with SAM. A proxy is person.dead with a SAM diagnosis in the last visit.,LE-327
NUT-011,Nutrition,Percentage of Children aged (6 - 59 months) who Defaulted from (severe acute malnutrition) treatment,Needs new data capture,Defaulters: no nutrition programme/outcome,Children 6-59 months enrolled in SAM treatment: no enrolment,,,"Severe acute malnutrition 163302AAAAAAAAAAAAAAAAAAAAAAAAAAAAAA|CIEL:163302; Kwashiorkor 116474AAAAAAAAAAAAAAAAAAAAAAAAAAAAAA|CIEL:116474; Nutritional marasmus 132636AAAAAAAAAAAAAAAAAAAAAAAAAAAAAA|CIEL:132636; Severe complicated malnutrition 162330AAAAAAAAAAAAAAAAAAAAAAAAAAAAAA|CIEL:162330; Severe uncomplicated malnutrition 162331AAAAAAAAAAAAAAAAAAAAAAAAAAAAAA|CIEL:162331; RUTF drug concept ""Peanut, Sugar, Vegetable oil, Milk, Vitamins, minerals"" 85be45f9-2e97-4427-a1f8-0d3b830bef11 (local)",age (person.birthdate); place of residence as County/Health District (address hierarchy STATE_PROVINCE/CITY_VILLAGE),socio-economic status/wealth quintile (no attribute),,,Medium,"Same CMAM programme and workflow as NUT-007. Default = exit state, or three consecutive missed weekly visits if derived.",LE-327
NUT-012,Nutrition,Prevalence of stunting among children under five years,Not EMR-sourced,DHS/MICS survey,Survey sample,,,Weight (kg) 5089AAAAAAAAAAAAAAAAAAAAAAAAAAAAAAAA|CIEL:5089; Height (cm) 5090AAAAAAAAAAAAAAAAAAAAAAAAAAAAAAAA|CIEL:5090,age (person.birthdate); sex (person.gender); place of residence as County/Health District (address hierarchy STATE_PROVINCE/CITY_VILLAGE),urban/rural (no field); socio-economic status/wealth quintile (no attribute); disability,,,Low,Survey prevalence; a facility-attendee HAZ proxy could be derived from anthropometry.,LE-327
NUT-013,Nutrition,Prevalence of wasting among children under five years,Not EMR-sourced,DHS/MICS/SMART survey,Survey sample,,,Weight (kg) 5089AAAAAAAAAAAAAAAAAAAAAAAAAAAAAAAA|CIEL:5089; Height (cm) 5090AAAAAAAAAAAAAAAAAAAAAAAAAAAAAAAA|CIEL:5090,age (person.birthdate); sex (person.gender); place of residence as County/Health District (address hierarchy STATE_PROVINCE/CITY_VILLAGE),urban/rural (no field); emergency-affected status,,,Low,Survey prevalence; NUT-009 covers the facility count.,LE-327
NUT-014,Nutrition,Prevalence of overweight among children under five years,Not EMR-sourced,DHS/MICS survey,Survey sample,,,Weight (kg) 5089AAAAAAAAAAAAAAAAAAAAAAAAAAAAAAAA|CIEL:5089; Height (cm) 5090AAAAAAAAAAAAAAAAAAAAAAAAAAAAAAAA|CIEL:5090,age (person.birthdate); sex (person.gender); place of residence as County/Health District (address hierarchy STATE_PROVINCE/CITY_VILLAGE),urban/rural (no field); socio-economic status/wealth quintile (no attribute),,,Low,Survey prevalence.,LE-327
NUT-015,Nutrition,Prevalence of anemia among women aged 15-49 years,Not EMR-sourced,DHS/micronutrient survey,Survey sample,Lab results; Mother PNC,Postnatal Visit b04e6a92-6c0f-4e23-a9cb-6ad4e8b2f4a1,Haemoglobin 21AAAAAAAAAAAAAAAAAAAAAAAAAAAAAAAAAA|CIEL:21,age (person.birthdate); place of residence as County/Health District (address hierarchy STATE_PROVINCE/CITY_VILLAGE),urban/rural (no field); socio-economic status/wealth quintile (no attribute),,,Low,"Survey prevalence. A facility proxy is possible from lab Hb and the Mother PNC Hb (21), but no ANC form captures Hb, so pregnancy status is weak.",LE-327
NUT-016,Nutrition,Minimum dietary diversity among children aged 6-23 months,Not EMR-sourced,DHS/MICS/IYCF survey,Survey sample,,,,,breastfeeding status; socio-economic status/wealth quintile (no attribute),,,Low,Dietary-recall survey indicator.,LE-327
NUT-017,Nutrition,Minimum meal frequency among children aged 6-23 months,Not EMR-sourced,DHS/MICS/IYCF survey,Survey sample,,,,,breastfeeding status; socio-economic status/wealth quintile (no attribute),,,Low,Dietary-recall survey indicator.,LE-327
NUT-018,Nutrition,Minimum acceptable diet among children aged 6-23 months,Not EMR-sourced,DHS/MICS/IYCF survey,Survey sample,,,,,breastfeeding status; socio-economic status/wealth quintile (no attribute),,,Low,Dietary-recall survey indicator.,LE-327
NUT-019,Nutrition,Early initiation of breastfeeding within one hour of birth,Needs new data capture,Breastfeeding initiated within 1 hour: not captured on any L&D or PNC form,Facility births with valid information: births not captured (see RMNCAH-027),3. Third Stage of Labor and Delivery v1.0 a1f46814-43c4-3690-9b87-ae4644b8b93a; 4. Fourth Stage Monitoring for Woman and Baby v1.1 9fc704ef-05d0-3bd1-a29e-a8a345565784,Labor & Delivery 659775fb-05e4-427f-8d9f-7e4cabe19962,,age (person.birthdate); place of residence as County/Health District (address hierarchy STATE_PROVINCE/CITY_VILLAGE); facility (encounter/visit location),skilled attendance (no attendant-cadre field); facility type (no location attribute; MFL group set not yet integrated),,,Medium,"The sheet allows routine facility maternity monitoring. Add a BF-within-1-hour question per baby to Third/Fourth Stage (new version). Fourth Stage Suck yes/no is a monitoring observation, not initiation timing. Mode of delivery is available for disaggregation.",LE-327
NUT-020,Nutrition,Households consuming adequately iodized salt,Not EMR-sourced,DHS/MICS/fortification surveillance,Surveyed households,,,,,,,,Low,Household survey.,LE-327
NUT-021,Nutrition,Functional national multisectoral nutrition coordination platform,Not EMR-sourced,Governance records,Approved criteria,,,,,,,,Low,Governance indicator.,LE-327
NUT-022,Nutrition,Current costed multisectoral nutrition plan with results and monitoring framework,Not EMR-sourced,Plan documents,Required components,,,,,,,,Low,Governance indicator.,LE-327
NUT-023,Nutrition,SUN Joint Annual Assessment completed through a multisectoral country process,Not EMR-sourced,SUN JAA records,JAA criteria,,,,,,,,Low,Governance indicator.,LE-327
