Uuid,Fully specified name:en,Data class,Data type,Same as mappings
${var.concept.ciel.immunization-history.uuid},Immunization history,Finding,N/A,CIEL:1421
${var.concept.ciel.immunization-sequence-number.uuid},Immunization sequence number,Finding,Numeric,CIEL:1418
${var.concept.ciel.vaccination-date.uuid},Vaccination date,Finding,Date,CIEL:1410
${var.concept.ciel.vaccine-manufacturer.uuid},Vaccine manufacturer,Finding,Text,CIEL:1419
${var.concept.ciel.vaccine-lot-number.uuid},Vaccine lot number,Finding,Text,CIEL:1420
${var.concept.ciel.vaccine-lot-expiration-date.uuid},Vaccine lot expiration date,Finding,Date,CIEL:165907
${var.concept.ciel.free-text-comment.uuid},Free text comment,Misc,Text,CIEL:161011
${var.concept.ciel.date-of-next-dose.uuid},Date of next dose,Question,Date,CIEL:170000
${var.concept.ciel.immunizations.uuid},Immunizations,ConvSet,Coded,CIEL:984
