indicator,period,period_start,period_end,instance,scope_level,scope,numerator,denominator,value,value_kind,alt_numerator_by_record,alt_denominator_by_record,reasoning
RMNCAH-017,2026-Q1,2026-01-01,2026-03-31,facility:careysburg,facility,Careysburg Health Center,4,,,numerator only (population denominator),,,"current users at 31 Mar: C-FP1 injectable 20 Feb; C-FP2 IUD on old FP v1.0 (Consultation); C-FP4 implant Oct 2025; C-FP5 IUD, aged 49. Not C-FP3 (injectable 1 Dec, >3 months), not C-FP6 (voided)"
RMNCAH-017,2026-Q1,2026-01-01,2026-03-31,facility:barnersville,facility,Barnersville Health Center,1,,,numerator only (population denominator),,,current users at 31 Mar: B-FP2 implant 10 Jan. B-FP1 has no FP visit yet
RMNCAH-017,2026-Q1,2026-01-01,2026-03-31,central,facility,Careysburg Health Center,4,,,numerator only (population denominator),,,"equals the Careysburg instance once sync has caught up. current users at 31 Mar: C-FP1 injectable 20 Feb; C-FP2 IUD on old FP v1.0 (Consultation); C-FP4 implant Oct 2025; C-FP5 IUD, aged 49. Not C-FP3 (injectable 1 Dec, >3 months), not C-FP6 (voided)"
RMNCAH-017,2026-Q1,2026-01-01,2026-03-31,central,facility,Barnersville Health Center,1,,,numerator only (population denominator),,,equals the Barnersville instance once sync has caught up. current users at 31 Mar: B-FP2 implant 10 Jan. B-FP1 has no FP visit yet
RMNCAH-017,2026-Q1,2026-01-01,2026-03-31,central,district,Careysburg District,4,,,numerator only (population denominator),,,"roll-up; Careysburg Health Center is the district's only fixture facility. current users at 31 Mar: C-FP1 injectable 20 Feb; C-FP2 IUD on old FP v1.0 (Consultation); C-FP4 implant Oct 2025; C-FP5 IUD, aged 49. Not C-FP3 (injectable 1 Dec, >3 months), not C-FP6 (voided)"
RMNCAH-017,2026-Q1,2026-01-01,2026-03-31,central,district,Greater Monrovia District,1,,,numerator only (population denominator),,,roll-up; Barnersville Health Center is the district's only fixture facility. current users at 31 Mar: B-FP2 implant 10 Jan. B-FP1 has no FP visit yet
RMNCAH-017,2026-Q1,2026-01-01,2026-03-31,central,county,Montserrado,5,,,numerator only (population denominator),,,"roll-up of both fixture facilities (both in Montserrado), so equal to national. 4 Careysburg + 1 Barnersville; no woman at both facilities"
RMNCAH-017,2026-Q1,2026-01-01,2026-03-31,central,national,national,5,,,numerator only (population denominator),,,4 Careysburg + 1 Barnersville; no woman at both facilities
RMNCAH-017,2026-Q2,2026-04-01,2026-06-30,facility:careysburg,facility,Careysburg Health Center,2,,,numerator only (population denominator),,,"current users at 30 Jun: C-FP1 injectable 20 May; C-FP2 IUD. Not C-FP4 (latest visit 15 Apr records removal), not C-FP5 (50 on 30 Jun), not C-FP3, not C-FP6 (voided 10 Jun)"
RMNCAH-017,2026-Q2,2026-04-01,2026-06-30,facility:barnersville,facility,Barnersville Health Center,2,,,numerator only (population denominator),,,current users at 30 Jun: B-FP1 pills 25 Jun (5 days); B-FP2 implant
RMNCAH-017,2026-Q2,2026-04-01,2026-06-30,central,facility,Careysburg Health Center,2,,,numerator only (population denominator),,,"equals the Careysburg instance once sync has caught up. current users at 30 Jun: C-FP1 injectable 20 May; C-FP2 IUD. Not C-FP4 (latest visit 15 Apr records removal), not C-FP5 (50 on 30 Jun), not C-FP3, not C-FP6 (voided 10 Jun)"
RMNCAH-017,2026-Q2,2026-04-01,2026-06-30,central,facility,Barnersville Health Center,2,,,numerator only (population denominator),,,equals the Barnersville instance once sync has caught up. current users at 30 Jun: B-FP1 pills 25 Jun (5 days); B-FP2 implant
RMNCAH-017,2026-Q2,2026-04-01,2026-06-30,central,district,Careysburg District,2,,,numerator only (population denominator),,,"roll-up; Careysburg Health Center is the district's only fixture facility. current users at 30 Jun: C-FP1 injectable 20 May; C-FP2 IUD. Not C-FP4 (latest visit 15 Apr records removal), not C-FP5 (50 on 30 Jun), not C-FP3, not C-FP6 (voided 10 Jun)"
RMNCAH-017,2026-Q2,2026-04-01,2026-06-30,central,district,Greater Monrovia District,2,,,numerator only (population denominator),,,roll-up; Barnersville Health Center is the district's only fixture facility. current users at 30 Jun: B-FP1 pills 25 Jun (5 days); B-FP2 implant
RMNCAH-017,2026-Q2,2026-04-01,2026-06-30,central,county,Montserrado,4,,,numerator only (population denominator),,,"roll-up of both fixture facilities (both in Montserrado), so equal to national. 2 Careysburg + 2 Barnersville"
RMNCAH-017,2026-Q2,2026-04-01,2026-06-30,central,national,national,4,,,numerator only (population denominator),,,2 Careysburg + 2 Barnersville
RMNCAH-018,2026-Q1,2026-01-01,2026-03-31,facility:careysburg,facility,Careysburg Health Center,1,3,33.3,percent,,,"den: C-DIA1, C-DIA3 (59 months), C-DIA5 (28 Mar); C-DIA2 is exactly 60 months. num: C-DIA1 (ORS same visit); C-DIA5's ORS is in the 3 Apr visit"
RMNCAH-018,2026-Q1,2026-01-01,2026-03-31,facility:barnersville,facility,Barnersville Health Center,1,1,100.0,percent,,,B-DIA1 diarrhoea with ORS in the same visit
RMNCAH-018,2026-Q1,2026-01-01,2026-03-31,central,facility,Careysburg Health Center,1,3,33.3,percent,,,"equals the Careysburg instance once sync has caught up. den: C-DIA1, C-DIA3 (59 months), C-DIA5 (28 Mar); C-DIA2 is exactly 60 months. num: C-DIA1 (ORS same visit); C-DIA5's ORS is in the 3 Apr visit"
RMNCAH-018,2026-Q1,2026-01-01,2026-03-31,central,facility,Barnersville Health Center,1,1,100.0,percent,,,equals the Barnersville instance once sync has caught up. B-DIA1 diarrhoea with ORS in the same visit
RMNCAH-018,2026-Q1,2026-01-01,2026-03-31,central,district,Careysburg District,1,3,33.3,percent,,,"roll-up; Careysburg Health Center is the district's only fixture facility. den: C-DIA1, C-DIA3 (59 months), C-DIA5 (28 Mar); C-DIA2 is exactly 60 months. num: C-DIA1 (ORS same visit); C-DIA5's ORS is in the 3 Apr visit"
RMNCAH-018,2026-Q1,2026-01-01,2026-03-31,central,district,Greater Monrovia District,1,1,100.0,percent,,,roll-up; Barnersville Health Center is the district's only fixture facility. B-DIA1 diarrhoea with ORS in the same visit
RMNCAH-018,2026-Q1,2026-01-01,2026-03-31,central,county,Montserrado,2,4,50.0,percent,,,"roll-up of both fixture facilities (both in Montserrado), so equal to national. 3 Careysburg + 1 Barnersville children; num C-DIA1, B-DIA1"
RMNCAH-018,2026-Q1,2026-01-01,2026-03-31,central,national,national,2,4,50.0,percent,,,"3 Careysburg + 1 Barnersville children; num C-DIA1, B-DIA1"
RMNCAH-018,2026-Q2,2026-04-01,2026-06-30,facility:careysburg,facility,Careysburg Health Center,1,3,33.3,percent,,,"den: C-DIA4 (3 diagnoses, one child), C-DIA5 (3 Apr), C-DIA7; C-DIA6 diagnosis voided. num: C-DIA5 (ORS same visit); C-DIA7's ORS is in a later visit; C-DIA4 untreated"
RMNCAH-018,2026-Q2,2026-04-01,2026-06-30,facility:barnersville,facility,Barnersville Health Center,1,2,50.0,percent,,,"den: B-DIA2, B-DIA3 (30 Jun 23:59:59). num: B-DIA2"
RMNCAH-018,2026-Q2,2026-04-01,2026-06-30,central,facility,Careysburg Health Center,1,3,33.3,percent,,,"equals the Careysburg instance once sync has caught up. den: C-DIA4 (3 diagnoses, one child), C-DIA5 (3 Apr), C-DIA7; C-DIA6 diagnosis voided. num: C-DIA5 (ORS same visit); C-DIA7's ORS is in a later visit; C-DIA4 untreated"
RMNCAH-018,2026-Q2,2026-04-01,2026-06-30,central,facility,Barnersville Health Center,1,2,50.0,percent,,,"equals the Barnersville instance once sync has caught up. den: B-DIA2, B-DIA3 (30 Jun 23:59:59). num: B-DIA2"
RMNCAH-018,2026-Q2,2026-04-01,2026-06-30,central,district,Careysburg District,1,3,33.3,percent,,,"roll-up; Careysburg Health Center is the district's only fixture facility. den: C-DIA4 (3 diagnoses, one child), C-DIA5 (3 Apr), C-DIA7; C-DIA6 diagnosis voided. num: C-DIA5 (ORS same visit); C-DIA7's ORS is in a later visit; C-DIA4 untreated"
RMNCAH-018,2026-Q2,2026-04-01,2026-06-30,central,district,Greater Monrovia District,1,2,50.0,percent,,,"roll-up; Barnersville Health Center is the district's only fixture facility. den: B-DIA2, B-DIA3 (30 Jun 23:59:59). num: B-DIA2"
RMNCAH-018,2026-Q2,2026-04-01,2026-06-30,central,county,Montserrado,2,5,40.0,percent,,,"roll-up of both fixture facilities (both in Montserrado), so equal to national. 3 Careysburg + 2 Barnersville children; num C-DIA5, B-DIA2"
RMNCAH-018,2026-Q2,2026-04-01,2026-06-30,central,national,national,2,5,40.0,percent,,,"3 Careysburg + 2 Barnersville children; num C-DIA5, B-DIA2"
RMNCAH-019,2026-Q1,2026-01-01,2026-03-31,facility:careysburg,facility,Careysburg Health Center,3,,,numerator only (population denominator),,,"new episodes: C-DIA1, C-DIA3, C-DIA5 (28 Mar); C-DIA2 is 60 months"
RMNCAH-019,2026-Q1,2026-01-01,2026-03-31,facility:barnersville,facility,Barnersville Health Center,1,,,numerator only (population denominator),,,new episode: B-DIA1
RMNCAH-019,2026-Q1,2026-01-01,2026-03-31,central,facility,Careysburg Health Center,3,,,numerator only (population denominator),,,"equals the Careysburg instance once sync has caught up. new episodes: C-DIA1, C-DIA3, C-DIA5 (28 Mar); C-DIA2 is 60 months"
RMNCAH-019,2026-Q1,2026-01-01,2026-03-31,central,facility,Barnersville Health Center,1,,,numerator only (population denominator),,,equals the Barnersville instance once sync has caught up. new episode: B-DIA1
RMNCAH-019,2026-Q1,2026-01-01,2026-03-31,central,district,Careysburg District,3,,,numerator only (population denominator),,,"roll-up; Careysburg Health Center is the district's only fixture facility. new episodes: C-DIA1, C-DIA3, C-DIA5 (28 Mar); C-DIA2 is 60 months"
RMNCAH-019,2026-Q1,2026-01-01,2026-03-31,central,district,Greater Monrovia District,1,,,numerator only (population denominator),,,roll-up; Barnersville Health Center is the district's only fixture facility. new episode: B-DIA1
RMNCAH-019,2026-Q1,2026-01-01,2026-03-31,central,county,Montserrado,4,,,numerator only (population denominator),,,"roll-up of both fixture facilities (both in Montserrado), so equal to national. 3 + 1"
RMNCAH-019,2026-Q1,2026-01-01,2026-03-31,central,national,national,4,,,numerator only (population denominator),,,3 + 1
RMNCAH-019,2026-Q2,2026-04-01,2026-06-30,facility:careysburg,facility,Careysburg Health Center,3,,,numerator only (population denominator),,,new episodes: C-DIA4 1 May and 1 Jun (10 May is day 9 of the first); C-DIA7 12 Jun. C-DIA5 3 Apr continues the 28 Mar episode; C-DIA6 voided
RMNCAH-019,2026-Q2,2026-04-01,2026-06-30,facility:barnersville,facility,Barnersville Health Center,2,,,numerator only (population denominator),,,"new episodes: B-DIA2, B-DIA3 (30 Jun 23:59:59)"
RMNCAH-019,2026-Q2,2026-04-01,2026-06-30,central,facility,Careysburg Health Center,3,,,numerator only (population denominator),,,equals the Careysburg instance once sync has caught up. new episodes: C-DIA4 1 May and 1 Jun (10 May is day 9 of the first); C-DIA7 12 Jun. C-DIA5 3 Apr continues the 28 Mar episode; C-DIA6 voided
RMNCAH-019,2026-Q2,2026-04-01,2026-06-30,central,facility,Barnersville Health Center,2,,,numerator only (population denominator),,,"equals the Barnersville instance once sync has caught up. new episodes: B-DIA2, B-DIA3 (30 Jun 23:59:59)"
RMNCAH-019,2026-Q2,2026-04-01,2026-06-30,central,district,Careysburg District,3,,,numerator only (population denominator),,,roll-up; Careysburg Health Center is the district's only fixture facility. new episodes: C-DIA4 1 May and 1 Jun (10 May is day 9 of the first); C-DIA7 12 Jun. C-DIA5 3 Apr continues the 28 Mar episode; C-DIA6 voided
RMNCAH-019,2026-Q2,2026-04-01,2026-06-30,central,district,Greater Monrovia District,2,,,numerator only (population denominator),,,"roll-up; Barnersville Health Center is the district's only fixture facility. new episodes: B-DIA2, B-DIA3 (30 Jun 23:59:59)"
RMNCAH-019,2026-Q2,2026-04-01,2026-06-30,central,county,Montserrado,5,,,numerator only (population denominator),,,"roll-up of both fixture facilities (both in Montserrado), so equal to national. 3 + 2"
RMNCAH-019,2026-Q2,2026-04-01,2026-06-30,central,national,national,5,,,numerator only (population denominator),,,3 + 2
RMNCAH-020,2026-Q1,2026-01-01,2026-03-31,facility:careysburg,facility,Careysburg Health Center,1,,,numerator only (population denominator),,,new episode: C-PNE1
RMNCAH-020,2026-Q1,2026-01-01,2026-03-31,facility:barnersville,facility,Barnersville Health Center,1,,,numerator only (population denominator),,,new episode: B-PNE1
RMNCAH-020,2026-Q1,2026-01-01,2026-03-31,central,facility,Careysburg Health Center,1,,,numerator only (population denominator),,,equals the Careysburg instance once sync has caught up. new episode: C-PNE1
RMNCAH-020,2026-Q1,2026-01-01,2026-03-31,central,facility,Barnersville Health Center,1,,,numerator only (population denominator),,,equals the Barnersville instance once sync has caught up. new episode: B-PNE1
RMNCAH-020,2026-Q1,2026-01-01,2026-03-31,central,district,Careysburg District,1,,,numerator only (population denominator),,,roll-up; Careysburg Health Center is the district's only fixture facility. new episode: C-PNE1
RMNCAH-020,2026-Q1,2026-01-01,2026-03-31,central,district,Greater Monrovia District,1,,,numerator only (population denominator),,,roll-up; Barnersville Health Center is the district's only fixture facility. new episode: B-PNE1
RMNCAH-020,2026-Q1,2026-01-01,2026-03-31,central,county,Montserrado,2,,,numerator only (population denominator),,,"roll-up of both fixture facilities (both in Montserrado), so equal to national. 1 + 1"
RMNCAH-020,2026-Q1,2026-01-01,2026-03-31,central,national,national,2,,,numerator only (population denominator),,,1 + 1
RMNCAH-020,2026-Q2,2026-04-01,2026-06-30,facility:careysburg,facility,Careysburg Health Center,2,,,numerator only (population denominator),,,"new episodes: C-PNE2 18 Apr (25 Apr is day 7, same episode), C-PNE3 (59 months). C-PNE4 is exactly 60 months"
RMNCAH-020,2026-Q2,2026-04-01,2026-06-30,facility:barnersville,facility,Barnersville Health Center,1,,,numerator only (population denominator),,,new episode: B-PNE2 (viral pneumonia)
RMNCAH-020,2026-Q2,2026-04-01,2026-06-30,central,facility,Careysburg Health Center,2,,,numerator only (population denominator),,,"equals the Careysburg instance once sync has caught up. new episodes: C-PNE2 18 Apr (25 Apr is day 7, same episode), C-PNE3 (59 months). C-PNE4 is exactly 60 months"
RMNCAH-020,2026-Q2,2026-04-01,2026-06-30,central,facility,Barnersville Health Center,1,,,numerator only (population denominator),,,equals the Barnersville instance once sync has caught up. new episode: B-PNE2 (viral pneumonia)
RMNCAH-020,2026-Q2,2026-04-01,2026-06-30,central,district,Careysburg District,2,,,numerator only (population denominator),,,"roll-up; Careysburg Health Center is the district's only fixture facility. new episodes: C-PNE2 18 Apr (25 Apr is day 7, same episode), C-PNE3 (59 months). C-PNE4 is exactly 60 months"
RMNCAH-020,2026-Q2,2026-04-01,2026-06-30,central,district,Greater Monrovia District,1,,,numerator only (population denominator),,,roll-up; Barnersville Health Center is the district's only fixture facility. new episode: B-PNE2 (viral pneumonia)
RMNCAH-020,2026-Q2,2026-04-01,2026-06-30,central,county,Montserrado,3,,,numerator only (population denominator),,,"roll-up of both fixture facilities (both in Montserrado), so equal to national. 2 + 1"
RMNCAH-020,2026-Q2,2026-04-01,2026-06-30,central,national,national,3,,,numerator only (population denominator),,,2 + 1
RMNCAH-021,2026-Q1,2026-01-01,2026-03-31,facility:careysburg,facility,Careysburg Health Center,1,1,100.0,percent,,,C-PNE1 pneumonia with amoxicillin in the same visit
RMNCAH-021,2026-Q1,2026-01-01,2026-03-31,facility:barnersville,facility,Barnersville Health Center,1,1,100.0,percent,,,B-PNE1 pneumonia with amoxicillin in the same visit
RMNCAH-021,2026-Q1,2026-01-01,2026-03-31,central,facility,Careysburg Health Center,1,1,100.0,percent,,,equals the Careysburg instance once sync has caught up. C-PNE1 pneumonia with amoxicillin in the same visit
RMNCAH-021,2026-Q1,2026-01-01,2026-03-31,central,facility,Barnersville Health Center,1,1,100.0,percent,,,equals the Barnersville instance once sync has caught up. B-PNE1 pneumonia with amoxicillin in the same visit
RMNCAH-021,2026-Q1,2026-01-01,2026-03-31,central,district,Careysburg District,1,1,100.0,percent,,,roll-up; Careysburg Health Center is the district's only fixture facility. C-PNE1 pneumonia with amoxicillin in the same visit
RMNCAH-021,2026-Q1,2026-01-01,2026-03-31,central,district,Greater Monrovia District,1,1,100.0,percent,,,roll-up; Barnersville Health Center is the district's only fixture facility. B-PNE1 pneumonia with amoxicillin in the same visit
RMNCAH-021,2026-Q1,2026-01-01,2026-03-31,central,county,Montserrado,2,2,100.0,percent,,,"roll-up of both fixture facilities (both in Montserrado), so equal to national. 1 + 1 children"
RMNCAH-021,2026-Q1,2026-01-01,2026-03-31,central,national,national,2,2,100.0,percent,,,1 + 1 children
RMNCAH-021,2026-Q2,2026-04-01,2026-06-30,facility:careysburg,facility,Careysburg Health Center,1,2,50.0,percent,,,"den: C-PNE2, C-PNE3; C-PNE4 is 60 months. num: C-PNE3; C-PNE2 had no antibiotic"
RMNCAH-021,2026-Q2,2026-04-01,2026-06-30,facility:barnersville,facility,Barnersville Health Center,1,1,100.0,percent,,,B-PNE2 with amoxicillin
RMNCAH-021,2026-Q2,2026-04-01,2026-06-30,central,facility,Careysburg Health Center,1,2,50.0,percent,,,"equals the Careysburg instance once sync has caught up. den: C-PNE2, C-PNE3; C-PNE4 is 60 months. num: C-PNE3; C-PNE2 had no antibiotic"
RMNCAH-021,2026-Q2,2026-04-01,2026-06-30,central,facility,Barnersville Health Center,1,1,100.0,percent,,,equals the Barnersville instance once sync has caught up. B-PNE2 with amoxicillin
RMNCAH-021,2026-Q2,2026-04-01,2026-06-30,central,district,Careysburg District,1,2,50.0,percent,,,"roll-up; Careysburg Health Center is the district's only fixture facility. den: C-PNE2, C-PNE3; C-PNE4 is 60 months. num: C-PNE3; C-PNE2 had no antibiotic"
RMNCAH-021,2026-Q2,2026-04-01,2026-06-30,central,district,Greater Monrovia District,1,1,100.0,percent,,,roll-up; Barnersville Health Center is the district's only fixture facility. B-PNE2 with amoxicillin
RMNCAH-021,2026-Q2,2026-04-01,2026-06-30,central,county,Montserrado,2,3,66.7,percent,,,"roll-up of both fixture facilities (both in Montserrado), so equal to national. 2 + 1 children; num C-PNE3, B-PNE2"
RMNCAH-021,2026-Q2,2026-04-01,2026-06-30,central,national,national,2,3,66.7,percent,,,"2 + 1 children; num C-PNE3, B-PNE2"
RMNCAH-026,2026-Q1,2026-01-01,2026-03-31,facility:careysburg,facility,Careysburg Health Center,0,1,0.0,percent; facility denominator (sheet: numerator only),,,deliveries: C-LD1 SVD
RMNCAH-026,2026-Q1,2026-01-01,2026-03-31,facility:barnersville,facility,Barnersville Health Center,1,1,100.0,percent; facility denominator (sheet: numerator only),,,deliveries: B-LD1 caesarean
RMNCAH-026,2026-Q1,2026-01-01,2026-03-31,central,facility,Careysburg Health Center,0,1,0.0,percent; facility denominator (sheet: numerator only),,,equals the Careysburg instance once sync has caught up. deliveries: C-LD1 SVD
RMNCAH-026,2026-Q1,2026-01-01,2026-03-31,central,facility,Barnersville Health Center,1,1,100.0,percent; facility denominator (sheet: numerator only),,,equals the Barnersville instance once sync has caught up. deliveries: B-LD1 caesarean
RMNCAH-026,2026-Q1,2026-01-01,2026-03-31,central,district,Careysburg District,0,1,0.0,percent; facility denominator (sheet: numerator only),,,roll-up; Careysburg Health Center is the district's only fixture facility. deliveries: C-LD1 SVD
RMNCAH-026,2026-Q1,2026-01-01,2026-03-31,central,district,Greater Monrovia District,1,1,100.0,percent; facility denominator (sheet: numerator only),,,roll-up; Barnersville Health Center is the district's only fixture facility. deliveries: B-LD1 caesarean
RMNCAH-026,2026-Q1,2026-01-01,2026-03-31,central,county,Montserrado,1,2,50.0,percent; facility denominator (sheet: numerator only),,,"roll-up of both fixture facilities (both in Montserrado), so equal to national. 1 + 1 deliveries"
RMNCAH-026,2026-Q1,2026-01-01,2026-03-31,central,national,national,1,2,50.0,percent; facility denominator (sheet: numerator only),,,1 + 1 deliveries
RMNCAH-026,2026-Q2,2026-04-01,2026-06-30,facility:careysburg,facility,Careysburg Health Center,1,2,50.0,percent; facility denominator (sheet: numerator only),,,"deliveries: C-LD2 caesarean (two encounters 3-4 May, one delivery), C-LD5 SVD. C-LD4 voided; C-LD3 is 1 Jul 00:00:00"
RMNCAH-026,2026-Q2,2026-04-01,2026-06-30,facility:barnersville,facility,Barnersville Health Center,0,2,0.0,percent; facility denominator (sheet: numerator only),,,"deliveries: B-LD2 SVD, B-LD3 SVD"
RMNCAH-026,2026-Q2,2026-04-01,2026-06-30,central,facility,Careysburg Health Center,1,2,50.0,percent; facility denominator (sheet: numerator only),,,"equals the Careysburg instance once sync has caught up. deliveries: C-LD2 caesarean (two encounters 3-4 May, one delivery), C-LD5 SVD. C-LD4 voided; C-LD3 is 1 Jul 00:00:00"
RMNCAH-026,2026-Q2,2026-04-01,2026-06-30,central,facility,Barnersville Health Center,0,2,0.0,percent; facility denominator (sheet: numerator only),,,"equals the Barnersville instance once sync has caught up. deliveries: B-LD2 SVD, B-LD3 SVD"
RMNCAH-026,2026-Q2,2026-04-01,2026-06-30,central,district,Careysburg District,1,2,50.0,percent; facility denominator (sheet: numerator only),,,"roll-up; Careysburg Health Center is the district's only fixture facility. deliveries: C-LD2 caesarean (two encounters 3-4 May, one delivery), C-LD5 SVD. C-LD4 voided; C-LD3 is 1 Jul 00:00:00"
RMNCAH-026,2026-Q2,2026-04-01,2026-06-30,central,district,Greater Monrovia District,0,2,0.0,percent; facility denominator (sheet: numerator only),,,"roll-up; Barnersville Health Center is the district's only fixture facility. deliveries: B-LD2 SVD, B-LD3 SVD"
RMNCAH-026,2026-Q2,2026-04-01,2026-06-30,central,county,Montserrado,1,4,25.0,percent; facility denominator (sheet: numerator only),,,"roll-up of both fixture facilities (both in Montserrado), so equal to national. 2 + 2 deliveries; num C-LD2"
RMNCAH-026,2026-Q2,2026-04-01,2026-06-30,central,national,national,1,4,25.0,percent; facility denominator (sheet: numerator only),,,2 + 2 deliveries; num C-LD2
RMNCAH-028,2026-Q1,2026-01-01,2026-03-31,facility:careysburg,facility,Careysburg Health Center,1,,,numerator only (population denominator),,,"C-PNC1 home delivery, reported at two PNC visits a week apart (one delivery)"
RMNCAH-028,2026-Q1,2026-01-01,2026-03-31,facility:barnersville,facility,Barnersville Health Center,1,,,numerator only (population denominator),,,B-PNC2 home delivery at 31 Mar 23:59:59
RMNCAH-028,2026-Q1,2026-01-01,2026-03-31,central,facility,Careysburg Health Center,1,,,numerator only (population denominator),,,"equals the Careysburg instance once sync has caught up. C-PNC1 home delivery, reported at two PNC visits a week apart (one delivery)"
RMNCAH-028,2026-Q1,2026-01-01,2026-03-31,central,facility,Barnersville Health Center,1,,,numerator only (population denominator),,,equals the Barnersville instance once sync has caught up. B-PNC2 home delivery at 31 Mar 23:59:59
RMNCAH-028,2026-Q1,2026-01-01,2026-03-31,central,district,Careysburg District,1,,,numerator only (population denominator),,,"roll-up; Careysburg Health Center is the district's only fixture facility. C-PNC1 home delivery, reported at two PNC visits a week apart (one delivery)"
RMNCAH-028,2026-Q1,2026-01-01,2026-03-31,central,district,Greater Monrovia District,1,,,numerator only (population denominator),,,roll-up; Barnersville Health Center is the district's only fixture facility. B-PNC2 home delivery at 31 Mar 23:59:59
RMNCAH-028,2026-Q1,2026-01-01,2026-03-31,central,county,Montserrado,2,,,numerator only (population denominator),,,"roll-up of both fixture facilities (both in Montserrado), so equal to national. 1 + 1"
RMNCAH-028,2026-Q1,2026-01-01,2026-03-31,central,national,national,2,,,numerator only (population denominator),,,1 + 1
RMNCAH-028,2026-Q2,2026-04-01,2026-06-30,facility:careysburg,facility,Careysburg Health Center,1,,,numerator only (population denominator),,,C-PNC3 home; C-PNC2 delivered at a facility
RMNCAH-028,2026-Q2,2026-04-01,2026-06-30,facility:barnersville,facility,Barnersville Health Center,1,,,numerator only (population denominator),,,B-PNC1 home
RMNCAH-028,2026-Q2,2026-04-01,2026-06-30,central,facility,Careysburg Health Center,1,,,numerator only (population denominator),,,equals the Careysburg instance once sync has caught up. C-PNC3 home; C-PNC2 delivered at a facility
RMNCAH-028,2026-Q2,2026-04-01,2026-06-30,central,facility,Barnersville Health Center,1,,,numerator only (population denominator),,,equals the Barnersville instance once sync has caught up. B-PNC1 home
RMNCAH-028,2026-Q2,2026-04-01,2026-06-30,central,district,Careysburg District,1,,,numerator only (population denominator),,,roll-up; Careysburg Health Center is the district's only fixture facility. C-PNC3 home; C-PNC2 delivered at a facility
RMNCAH-028,2026-Q2,2026-04-01,2026-06-30,central,district,Greater Monrovia District,1,,,numerator only (population denominator),,,roll-up; Barnersville Health Center is the district's only fixture facility. B-PNC1 home
RMNCAH-028,2026-Q2,2026-04-01,2026-06-30,central,county,Montserrado,2,,,numerator only (population denominator),,,"roll-up of both fixture facilities (both in Montserrado), so equal to national. 1 + 1"
RMNCAH-028,2026-Q2,2026-04-01,2026-06-30,central,national,national,2,,,numerator only (population denominator),,,1 + 1
NUT-005,2026-Q1,2026-01-01,2026-03-31,facility:careysburg,facility,Careysburg Health Center,1,,,numerator only (population denominator),,,C-VITA1 Vit A Blue on the Immunization form (Consultation) at exactly 6 months; C-VITA2 is 5 months
NUT-005,2026-Q1,2026-01-01,2026-03-31,facility:barnersville,facility,Barnersville Health Center,1,,,numerator only (population denominator),,,B-VITA2 Vitamin A 100000 IU drug order at 6 months
NUT-005,2026-Q1,2026-01-01,2026-03-31,central,facility,Careysburg Health Center,1,,,numerator only (population denominator),,,equals the Careysburg instance once sync has caught up. C-VITA1 Vit A Blue on the Immunization form (Consultation) at exactly 6 months; C-VITA2 is 5 months
NUT-005,2026-Q1,2026-01-01,2026-03-31,central,facility,Barnersville Health Center,1,,,numerator only (population denominator),,,equals the Barnersville instance once sync has caught up. B-VITA2 Vitamin A 100000 IU drug order at 6 months
NUT-005,2026-Q1,2026-01-01,2026-03-31,central,district,Careysburg District,1,,,numerator only (population denominator),,,roll-up; Careysburg Health Center is the district's only fixture facility. C-VITA1 Vit A Blue on the Immunization form (Consultation) at exactly 6 months; C-VITA2 is 5 months
NUT-005,2026-Q1,2026-01-01,2026-03-31,central,district,Greater Monrovia District,1,,,numerator only (population denominator),,,roll-up; Barnersville Health Center is the district's only fixture facility. B-VITA2 Vitamin A 100000 IU drug order at 6 months
NUT-005,2026-Q1,2026-01-01,2026-03-31,central,county,Montserrado,2,,,numerator only (population denominator),,,"roll-up of both fixture facilities (both in Montserrado), so equal to national. 1 + 1"
NUT-005,2026-Q1,2026-01-01,2026-03-31,central,national,national,2,,,numerator only (population denominator),,,1 + 1
NUT-005,2026-Q2,2026-04-01,2026-06-30,facility:careysburg,facility,Careysburg Health Center,1,,,numerator only (population denominator),,,C-VITA4 Vitamin A 100000 IU drug order at 6 months. C-VITA3 is 12 months; C-VITA5 got 200000 IU; C-VITA6 obs voided
NUT-005,2026-Q2,2026-04-01,2026-06-30,facility:barnersville,facility,Barnersville Health Center,1,,,numerator only (population denominator),,,B-VITA1 Vit A Blue at 11 months 29 days
NUT-005,2026-Q2,2026-04-01,2026-06-30,central,facility,Careysburg Health Center,1,,,numerator only (population denominator),,,equals the Careysburg instance once sync has caught up. C-VITA4 Vitamin A 100000 IU drug order at 6 months. C-VITA3 is 12 months; C-VITA5 got 200000 IU; C-VITA6 obs voided
NUT-005,2026-Q2,2026-04-01,2026-06-30,central,facility,Barnersville Health Center,1,,,numerator only (population denominator),,,equals the Barnersville instance once sync has caught up. B-VITA1 Vit A Blue at 11 months 29 days
NUT-005,2026-Q2,2026-04-01,2026-06-30,central,district,Careysburg District,1,,,numerator only (population denominator),,,roll-up; Careysburg Health Center is the district's only fixture facility. C-VITA4 Vitamin A 100000 IU drug order at 6 months. C-VITA3 is 12 months; C-VITA5 got 200000 IU; C-VITA6 obs voided
NUT-005,2026-Q2,2026-04-01,2026-06-30,central,district,Greater Monrovia District,1,,,numerator only (population denominator),,,roll-up; Barnersville Health Center is the district's only fixture facility. B-VITA1 Vit A Blue at 11 months 29 days
NUT-005,2026-Q2,2026-04-01,2026-06-30,central,county,Montserrado,2,,,numerator only (population denominator),,,"roll-up of both fixture facilities (both in Montserrado), so equal to national. 1 + 1"
NUT-005,2026-Q2,2026-04-01,2026-06-30,central,national,national,2,,,numerator only (population denominator),,,1 + 1
NUT-008,2026-Q1,2026-01-01,2026-03-31,facility:careysburg,facility,Careysburg Health Center,2,2,100.0,percent; facility denominator (sheet: numerator only),,,"C-MUAC1 11.0 (Triage); C-MUAC7 11.3 (vitals app, no encounter location, attributed by visit location)"
NUT-008,2026-Q1,2026-01-01,2026-03-31,facility:barnersville,facility,Barnersville Health Center,1,1,100.0,percent; facility denominator (sheet: numerator only),,,B-MUAC1 10.8
NUT-008,2026-Q1,2026-01-01,2026-03-31,central,facility,Careysburg Health Center,2,2,100.0,percent; facility denominator (sheet: numerator only),,,"equals the Careysburg instance once sync has caught up. C-MUAC1 11.0 (Triage); C-MUAC7 11.3 (vitals app, no encounter location, attributed by visit location)"
NUT-008,2026-Q1,2026-01-01,2026-03-31,central,facility,Barnersville Health Center,1,1,100.0,percent; facility denominator (sheet: numerator only),,,equals the Barnersville instance once sync has caught up. B-MUAC1 10.8
NUT-008,2026-Q1,2026-01-01,2026-03-31,central,district,Careysburg District,2,2,100.0,percent; facility denominator (sheet: numerator only),,,"roll-up; Careysburg Health Center is the district's only fixture facility. C-MUAC1 11.0 (Triage); C-MUAC7 11.3 (vitals app, no encounter location, attributed by visit location)"
NUT-008,2026-Q1,2026-01-01,2026-03-31,central,district,Greater Monrovia District,1,1,100.0,percent; facility denominator (sheet: numerator only),,,roll-up; Barnersville Health Center is the district's only fixture facility. B-MUAC1 10.8
NUT-008,2026-Q1,2026-01-01,2026-03-31,central,county,Montserrado,3,3,100.0,percent; facility denominator (sheet: numerator only),,,"roll-up of both fixture facilities (both in Montserrado), so equal to national. 2 + 1"
NUT-008,2026-Q1,2026-01-01,2026-03-31,central,national,national,3,3,100.0,percent; facility denominator (sheet: numerator only),,,2 + 1
NUT-008,2026-Q2,2026-04-01,2026-06-30,facility:careysburg,facility,Careysburg Health Center,1,4,25.0,percent; facility denominator (sheet: numerator only),,,"den: C-MUAC2 (latest 12.1), C-MUAC4 11.4 (59 months), C-MUAC5 11.5, C-MUAC8 (11.0 voided, 12.5 kept). num: C-MUAC4. C-MUAC3 is 60 months; C-MUAC6 is 4 months"
NUT-008,2026-Q2,2026-04-01,2026-06-30,facility:barnersville,facility,Barnersville Health Center,0,1,0.0,percent; facility denominator (sheet: numerator only),,,den: B-MUAC2 13.0
NUT-008,2026-Q2,2026-04-01,2026-06-30,central,facility,Careysburg Health Center,1,4,25.0,percent; facility denominator (sheet: numerator only),,,"equals the Careysburg instance once sync has caught up. den: C-MUAC2 (latest 12.1), C-MUAC4 11.4 (59 months), C-MUAC5 11.5, C-MUAC8 (11.0 voided, 12.5 kept). num: C-MUAC4. C-MUAC3 is 60 months; C-MUAC6 is 4 months"
NUT-008,2026-Q2,2026-04-01,2026-06-30,central,facility,Barnersville Health Center,0,1,0.0,percent; facility denominator (sheet: numerator only),,,equals the Barnersville instance once sync has caught up. den: B-MUAC2 13.0
NUT-008,2026-Q2,2026-04-01,2026-06-30,central,district,Careysburg District,1,4,25.0,percent; facility denominator (sheet: numerator only),,,"roll-up; Careysburg Health Center is the district's only fixture facility. den: C-MUAC2 (latest 12.1), C-MUAC4 11.4 (59 months), C-MUAC5 11.5, C-MUAC8 (11.0 voided, 12.5 kept). num: C-MUAC4. C-MUAC3 is 60 months; C-MUAC6 is 4 months"
NUT-008,2026-Q2,2026-04-01,2026-06-30,central,district,Greater Monrovia District,0,1,0.0,percent; facility denominator (sheet: numerator only),,,roll-up; Barnersville Health Center is the district's only fixture facility. den: B-MUAC2 13.0
NUT-008,2026-Q2,2026-04-01,2026-06-30,central,county,Montserrado,1,5,20.0,percent; facility denominator (sheet: numerator only),,,"roll-up of both fixture facilities (both in Montserrado), so equal to national. 4 + 1; num C-MUAC4"
NUT-008,2026-Q2,2026-04-01,2026-06-30,central,national,national,1,5,20.0,percent; facility denominator (sheet: numerator only),,,4 + 1; num C-MUAC4
NUT-009,2026-Q1,2026-01-01,2026-03-31,facility:careysburg,facility,Careysburg Health Center,1,,,count indicator,,,"C-WHZ1 boy 90.0 cm 10.6 kg, WHZ -2.52"
NUT-009,2026-Q1,2026-01-01,2026-03-31,facility:barnersville,facility,Barnersville Health Center,1,,,count indicator,,,"B-WHZ1 girl 91.0 cm 10.4 kg, WHZ -2.51"
NUT-009,2026-Q1,2026-01-01,2026-03-31,central,facility,Careysburg Health Center,1,,,count indicator,,,"equals the Careysburg instance once sync has caught up. C-WHZ1 boy 90.0 cm 10.6 kg, WHZ -2.52"
NUT-009,2026-Q1,2026-01-01,2026-03-31,central,facility,Barnersville Health Center,1,,,count indicator,,,"equals the Barnersville instance once sync has caught up. B-WHZ1 girl 91.0 cm 10.4 kg, WHZ -2.51"
NUT-009,2026-Q1,2026-01-01,2026-03-31,central,district,Careysburg District,1,,,count indicator,,,"roll-up; Careysburg Health Center is the district's only fixture facility. C-WHZ1 boy 90.0 cm 10.6 kg, WHZ -2.52"
NUT-009,2026-Q1,2026-01-01,2026-03-31,central,district,Greater Monrovia District,1,,,count indicator,,,"roll-up; Barnersville Health Center is the district's only fixture facility. B-WHZ1 girl 91.0 cm 10.4 kg, WHZ -2.51"
NUT-009,2026-Q1,2026-01-01,2026-03-31,central,county,Montserrado,2,,,count indicator,,,"roll-up of both fixture facilities (both in Montserrado), so equal to national. 1 + 1"
NUT-009,2026-Q1,2026-01-01,2026-03-31,central,national,national,2,,,count indicator,,,1 + 1
NUT-009,2026-Q2,2026-04-01,2026-06-30,facility:careysburg,facility,Careysburg Health Center,1,,,count indicator,,,"C-WHZ2 girl 95.0 cm 11.2 kg, WHZ -2.50. Not C-WHZ3 (WHZ -0.42; W/Z score -2.6 is weight-for-age), C-WHZ4 (WHZ -3.90), C-WHZ5 (weight and height on different encounters)"
NUT-009,2026-Q2,2026-04-01,2026-06-30,facility:barnersville,facility,Barnersville Health Center,1,,,count indicator,,,"B-WHZ2 boy 100.0 cm 12.6 kg, WHZ -2.49, at 59 months"
NUT-009,2026-Q2,2026-04-01,2026-06-30,central,facility,Careysburg Health Center,1,,,count indicator,,,"equals the Careysburg instance once sync has caught up. C-WHZ2 girl 95.0 cm 11.2 kg, WHZ -2.50. Not C-WHZ3 (WHZ -0.42; W/Z score -2.6 is weight-for-age), C-WHZ4 (WHZ -3.90), C-WHZ5 (weight and height on different encounters)"
NUT-009,2026-Q2,2026-04-01,2026-06-30,central,facility,Barnersville Health Center,1,,,count indicator,,,"equals the Barnersville instance once sync has caught up. B-WHZ2 boy 100.0 cm 12.6 kg, WHZ -2.49, at 59 months"
NUT-009,2026-Q2,2026-04-01,2026-06-30,central,district,Careysburg District,1,,,count indicator,,,"roll-up; Careysburg Health Center is the district's only fixture facility. C-WHZ2 girl 95.0 cm 11.2 kg, WHZ -2.50. Not C-WHZ3 (WHZ -0.42; W/Z score -2.6 is weight-for-age), C-WHZ4 (WHZ -3.90), C-WHZ5 (weight and height on different encounters)"
NUT-009,2026-Q2,2026-04-01,2026-06-30,central,district,Greater Monrovia District,1,,,count indicator,,,"roll-up; Barnersville Health Center is the district's only fixture facility. B-WHZ2 boy 100.0 cm 12.6 kg, WHZ -2.49, at 59 months"
NUT-009,2026-Q2,2026-04-01,2026-06-30,central,county,Montserrado,2,,,count indicator,,,"roll-up of both fixture facilities (both in Montserrado), so equal to national. 1 + 1"
NUT-009,2026-Q2,2026-04-01,2026-06-30,central,national,national,2,,,count indicator,,,1 + 1
MAL-002,2026-Q1,2026-01-01,2026-03-31,facility:careysburg,facility,Careysburg Health Center,1,3,33.3,percent,,,"den (ANC Initial in Q1): C-ANC1, C-ANC2 (form v1.1), C-X. num (3rd+ dose in Q1): C-ANC2 at 31 Mar 23:59:59"
MAL-002,2026-Q1,2026-01-01,2026-03-31,facility:barnersville,facility,Barnersville Health Center,0,1,0.0,percent,,,den: B-X ANC Initial 20 Mar (2nd dose only)
MAL-002,2026-Q1,2026-01-01,2026-03-31,central,facility,Careysburg Health Center,1,3,33.3,percent,,,"equals the Careysburg instance once sync has caught up. den (ANC Initial in Q1): C-ANC1, C-ANC2 (form v1.1), C-X. num (3rd+ dose in Q1): C-ANC2 at 31 Mar 23:59:59"
MAL-002,2026-Q1,2026-01-01,2026-03-31,central,facility,Barnersville Health Center,0,1,0.0,percent,,,equals the Barnersville instance once sync has caught up. den: B-X ANC Initial 20 Mar (2nd dose only)
MAL-002,2026-Q1,2026-01-01,2026-03-31,central,district,Careysburg District,1,3,33.3,percent,,,"roll-up; Careysburg Health Center is the district's only fixture facility. den (ANC Initial in Q1): C-ANC1, C-ANC2 (form v1.1), C-X. num (3rd+ dose in Q1): C-ANC2 at 31 Mar 23:59:59"
MAL-002,2026-Q1,2026-01-01,2026-03-31,central,district,Greater Monrovia District,0,1,0.0,percent,,,roll-up; Barnersville Health Center is the district's only fixture facility. den: B-X ANC Initial 20 Mar (2nd dose only)
MAL-002,2026-Q1,2026-01-01,2026-03-31,central,county,Montserrado,1,3,33.3,percent,1,4,"roll-up of both fixture facilities (both in Montserrado), so equal to national. den C-ANC1, C-ANC2 and person X once (ANC Initial at both facilities); num C-ANC2"
MAL-002,2026-Q1,2026-01-01,2026-03-31,central,national,national,1,3,33.3,percent,1,4,"den C-ANC1, C-ANC2 and person X once (ANC Initial at both facilities); num C-ANC2"
MAL-002,2026-Q2,2026-04-01,2026-06-30,facility:careysburg,facility,Careysburg Health Center,2,1,200.0,percent,,,"den: C-ANC3 (national form, visit 1st, 1 Apr 00:00:00); C-ANC4 initial voided. num: C-ANC1 (3rd 10 Apr, 4th 15 May), C-ANC3 (national 3rd+ at 30 Jun 23:59:59); C-ANC4 3rd dose voided. Numerator is not a subset of the denominator (CSV definition)"
MAL-002,2026-Q2,2026-04-01,2026-06-30,facility:barnersville,facility,Barnersville Health Center,1,2,50.0,percent,,,"den: B-ANC2 (national visit 1st), B-ANC3 (ANC Initial). num: B-X 3rd dose 25 Apr"
MAL-002,2026-Q2,2026-04-01,2026-06-30,central,facility,Careysburg Health Center,2,1,200.0,percent,,,"equals the Careysburg instance once sync has caught up. den: C-ANC3 (national form, visit 1st, 1 Apr 00:00:00); C-ANC4 initial voided. num: C-ANC1 (3rd 10 Apr, 4th 15 May), C-ANC3 (national 3rd+ at 30 Jun 23:59:59); C-ANC4 3rd dose voided. Numerator is not a subset of the denominator (CSV definition)"
MAL-002,2026-Q2,2026-04-01,2026-06-30,central,facility,Barnersville Health Center,1,2,50.0,percent,,,"equals the Barnersville instance once sync has caught up. den: B-ANC2 (national visit 1st), B-ANC3 (ANC Initial). num: B-X 3rd dose 25 Apr"
MAL-002,2026-Q2,2026-04-01,2026-06-30,central,district,Careysburg District,2,1,200.0,percent,,,"roll-up; Careysburg Health Center is the district's only fixture facility. den: C-ANC3 (national form, visit 1st, 1 Apr 00:00:00); C-ANC4 initial voided. num: C-ANC1 (3rd 10 Apr, 4th 15 May), C-ANC3 (national 3rd+ at 30 Jun 23:59:59); C-ANC4 3rd dose voided. Numerator is not a subset of the denominator (CSV definition)"
MAL-002,2026-Q2,2026-04-01,2026-06-30,central,district,Greater Monrovia District,1,2,50.0,percent,,,"roll-up; Barnersville Health Center is the district's only fixture facility. den: B-ANC2 (national visit 1st), B-ANC3 (ANC Initial). num: B-X 3rd dose 25 Apr"
MAL-002,2026-Q2,2026-04-01,2026-06-30,central,county,Montserrado,3,3,100.0,percent,,,"roll-up of both fixture facilities (both in Montserrado), so equal to national. den C-ANC3, B-ANC2, B-ANC3; num C-ANC1, C-ANC3, X"
MAL-002,2026-Q2,2026-04-01,2026-06-30,central,national,national,3,3,100.0,percent,,,"den C-ANC3, B-ANC2, B-ANC3; num C-ANC1, C-ANC3, X"
MAL-003,2026-Q1,2026-01-01,2026-03-31,facility:careysburg,facility,Careysburg Health Center,1,1,100.0,percent,,,"3rd-trimester ANC in Q1: C-ANC2 (GA 30 on v1.1, 2nd dose; GA 38, 3rd dose). C-ANC1 (GA 16, 21) and C-X (GA 20) are not"
MAL-003,2026-Q1,2026-01-01,2026-03-31,facility:barnersville,facility,Barnersville Health Center,0,0,,percent,,,"no 3rd-trimester contact: B-X is GA 26, 2nd trimester (denominator 0: no value)"
MAL-003,2026-Q1,2026-01-01,2026-03-31,central,facility,Careysburg Health Center,1,1,100.0,percent,,,"equals the Careysburg instance once sync has caught up. 3rd-trimester ANC in Q1: C-ANC2 (GA 30 on v1.1, 2nd dose; GA 38, 3rd dose). C-ANC1 (GA 16, 21) and C-X (GA 20) are not"
MAL-003,2026-Q1,2026-01-01,2026-03-31,central,facility,Barnersville Health Center,0,0,,percent,,,"equals the Barnersville instance once sync has caught up. no 3rd-trimester contact: B-X is GA 26, 2nd trimester (denominator 0: no value)"
MAL-003,2026-Q1,2026-01-01,2026-03-31,central,district,Careysburg District,1,1,100.0,percent,,,"roll-up; Careysburg Health Center is the district's only fixture facility. 3rd-trimester ANC in Q1: C-ANC2 (GA 30 on v1.1, 2nd dose; GA 38, 3rd dose). C-ANC1 (GA 16, 21) and C-X (GA 20) are not"
MAL-003,2026-Q1,2026-01-01,2026-03-31,central,district,Greater Monrovia District,0,0,,percent,,,"roll-up; Barnersville Health Center is the district's only fixture facility. no 3rd-trimester contact: B-X is GA 26, 2nd trimester (denominator 0: no value)"
MAL-003,2026-Q1,2026-01-01,2026-03-31,central,county,Montserrado,1,1,100.0,percent,,,"roll-up of both fixture facilities (both in Montserrado), so equal to national. C-ANC2"
MAL-003,2026-Q1,2026-01-01,2026-03-31,central,national,national,1,1,100.0,percent,,,C-ANC2
MAL-003,2026-Q2,2026-04-01,2026-06-30,facility:careysburg,facility,Careysburg Health Center,2,3,66.7,percent,,,"den: C-ANC1 (GA exactly 28 on the follow-up concept; 3rd trimester 15 May), C-ANC4 (GA 29), C-ANC5 (GA 31). num: C-ANC1 (3rd, 4th), C-ANC4 (2nd after the voided 3rd). C-ANC5 deferred IPTp; C-ANC6 GA 27; C-ANC3 GA 12/26"
MAL-003,2026-Q2,2026-04-01,2026-06-30,facility:barnersville,facility,Barnersville Health Center,2,2,100.0,percent,,,"den and num: B-X (GA 31, 3rd dose), B-ANC2 (national form, 3rd trimester, national 2nd dose)"
MAL-003,2026-Q2,2026-04-01,2026-06-30,central,facility,Careysburg Health Center,2,3,66.7,percent,,,"equals the Careysburg instance once sync has caught up. den: C-ANC1 (GA exactly 28 on the follow-up concept; 3rd trimester 15 May), C-ANC4 (GA 29), C-ANC5 (GA 31). num: C-ANC1 (3rd, 4th), C-ANC4 (2nd after the voided 3rd). C-ANC5 deferred IPTp; C-ANC6 GA 27; C-ANC3 GA 12/26"
MAL-003,2026-Q2,2026-04-01,2026-06-30,central,facility,Barnersville Health Center,2,2,100.0,percent,,,"equals the Barnersville instance once sync has caught up. den and num: B-X (GA 31, 3rd dose), B-ANC2 (national form, 3rd trimester, national 2nd dose)"
MAL-003,2026-Q2,2026-04-01,2026-06-30,central,district,Careysburg District,2,3,66.7,percent,,,"roll-up; Careysburg Health Center is the district's only fixture facility. den: C-ANC1 (GA exactly 28 on the follow-up concept; 3rd trimester 15 May), C-ANC4 (GA 29), C-ANC5 (GA 31). num: C-ANC1 (3rd, 4th), C-ANC4 (2nd after the voided 3rd). C-ANC5 deferred IPTp; C-ANC6 GA 27; C-ANC3 GA 12/26"
MAL-003,2026-Q2,2026-04-01,2026-06-30,central,district,Greater Monrovia District,2,2,100.0,percent,,,"roll-up; Barnersville Health Center is the district's only fixture facility. den and num: B-X (GA 31, 3rd dose), B-ANC2 (national form, 3rd trimester, national 2nd dose)"
MAL-003,2026-Q2,2026-04-01,2026-06-30,central,county,Montserrado,4,5,80.0,percent,,,"roll-up of both fixture facilities (both in Montserrado), so equal to national. den C-ANC1, C-ANC4, C-ANC5, X, B-ANC2; num all but C-ANC5"
MAL-003,2026-Q2,2026-04-01,2026-06-30,central,national,national,4,5,80.0,percent,,,"den C-ANC1, C-ANC4, C-ANC5, X, B-ANC2; num all but C-ANC5"
MAL-004,2026-Q1,2026-01-01,2026-03-31,facility:careysburg,facility,Careysburg Health Center,2,,,numerator only (population denominator),,,C-MAL1 positive RDT; C-MAL5 positive RDT resulted 31 Mar 23:59:59. C-MAL2 negative
MAL-004,2026-Q1,2026-01-01,2026-03-31,facility:barnersville,facility,Barnersville Health Center,1,,,numerator only (population denominator),,,B-MAL1 positive RDT
MAL-004,2026-Q1,2026-01-01,2026-03-31,central,facility,Careysburg Health Center,2,,,numerator only (population denominator),,,equals the Careysburg instance once sync has caught up. C-MAL1 positive RDT; C-MAL5 positive RDT resulted 31 Mar 23:59:59. C-MAL2 negative
MAL-004,2026-Q1,2026-01-01,2026-03-31,central,facility,Barnersville Health Center,1,,,numerator only (population denominator),,,equals the Barnersville instance once sync has caught up. B-MAL1 positive RDT
MAL-004,2026-Q1,2026-01-01,2026-03-31,central,district,Careysburg District,2,,,numerator only (population denominator),,,roll-up; Careysburg Health Center is the district's only fixture facility. C-MAL1 positive RDT; C-MAL5 positive RDT resulted 31 Mar 23:59:59. C-MAL2 negative
MAL-004,2026-Q1,2026-01-01,2026-03-31,central,district,Greater Monrovia District,1,,,numerator only (population denominator),,,roll-up; Barnersville Health Center is the district's only fixture facility. B-MAL1 positive RDT
MAL-004,2026-Q1,2026-01-01,2026-03-31,central,county,Montserrado,3,,,numerator only (population denominator),,,"roll-up of both fixture facilities (both in Montserrado), so equal to national. 2 + 1"
MAL-004,2026-Q1,2026-01-01,2026-03-31,central,national,national,3,,,numerator only (population denominator),,,2 + 1
MAL-004,2026-Q2,2026-04-01,2026-06-30,facility:careysburg,facility,Careysburg Health Center,1,,,numerator only (population denominator),,,"C-MAL3 positive RDT 5 Apr (P. falciparum); the positive smear 15 Apr is the same episode. C-MAL4 positive voided, corrected negative"
MAL-004,2026-Q2,2026-04-01,2026-06-30,facility:barnersville,facility,Barnersville Health Center,2,,,numerator only (population denominator),,,B-MAL2 positive RDT; B-MAL3 positive for P. vivax
MAL-004,2026-Q2,2026-04-01,2026-06-30,central,facility,Careysburg Health Center,1,,,numerator only (population denominator),,,"equals the Careysburg instance once sync has caught up. C-MAL3 positive RDT 5 Apr (P. falciparum); the positive smear 15 Apr is the same episode. C-MAL4 positive voided, corrected negative"
MAL-004,2026-Q2,2026-04-01,2026-06-30,central,facility,Barnersville Health Center,2,,,numerator only (population denominator),,,equals the Barnersville instance once sync has caught up. B-MAL2 positive RDT; B-MAL3 positive for P. vivax
MAL-004,2026-Q2,2026-04-01,2026-06-30,central,district,Careysburg District,1,,,numerator only (population denominator),,,"roll-up; Careysburg Health Center is the district's only fixture facility. C-MAL3 positive RDT 5 Apr (P. falciparum); the positive smear 15 Apr is the same episode. C-MAL4 positive voided, corrected negative"
MAL-004,2026-Q2,2026-04-01,2026-06-30,central,district,Greater Monrovia District,2,,,numerator only (population denominator),,,roll-up; Barnersville Health Center is the district's only fixture facility. B-MAL2 positive RDT; B-MAL3 positive for P. vivax
MAL-004,2026-Q2,2026-04-01,2026-06-30,central,county,Montserrado,3,,,numerator only (population denominator),,,"roll-up of both fixture facilities (both in Montserrado), so equal to national. 1 + 2"
MAL-004,2026-Q2,2026-04-01,2026-06-30,central,national,national,3,,,numerator only (population denominator),,,1 + 2
NCD-002,2026-Q1,2026-01-01,2026-03-31,facility:careysburg,facility,Careysburg Health Center,1,,,numerator only (population denominator),,,C-DTH3 cancer death on 30th birthday; last visit Careysburg. C-DTH4 died of infectious disease
NCD-002,2026-Q1,2026-01-01,2026-03-31,facility:barnersville,facility,Barnersville Health Center,0,,,numerator only (population denominator),,,no death in Q1
NCD-002,2026-Q1,2026-01-01,2026-03-31,central,facility,Careysburg Health Center,1,,,numerator only (population denominator),,,equals the Careysburg instance once sync has caught up. C-DTH3 cancer death on 30th birthday; last visit Careysburg. C-DTH4 died of infectious disease
NCD-002,2026-Q1,2026-01-01,2026-03-31,central,facility,Barnersville Health Center,0,,,numerator only (population denominator),,,equals the Barnersville instance once sync has caught up. no death in Q1
NCD-002,2026-Q1,2026-01-01,2026-03-31,central,district,Careysburg District,1,,,numerator only (population denominator),,,roll-up; Careysburg Health Center is the district's only fixture facility. C-DTH3 cancer death on 30th birthday; last visit Careysburg. C-DTH4 died of infectious disease
NCD-002,2026-Q1,2026-01-01,2026-03-31,central,district,Greater Monrovia District,0,,,numerator only (population denominator),,,roll-up; Barnersville Health Center is the district's only fixture facility. no death in Q1
NCD-002,2026-Q1,2026-01-01,2026-03-31,central,county,Montserrado,1,,,numerator only (population denominator),,,"roll-up of both fixture facilities (both in Montserrado), so equal to national. C-DTH3"
NCD-002,2026-Q1,2026-01-01,2026-03-31,central,national,national,1,,,numerator only (population denominator),,,C-DTH3
NCD-002,2026-Q2,2026-04-01,2026-06-30,facility:careysburg,facility,Careysburg Health Center,1,,,numerator only (population denominator),,,"C-DTH1 cancer death aged 46, no death encounter, last visit Careysburg 2 May. C-DTH2 was exactly 70"
NCD-002,2026-Q2,2026-04-01,2026-06-30,facility:barnersville,facility,Barnersville Health Center,1,,,numerator only (population denominator),,,B-DTH1 cancer death aged 50 on 30 Jun; last visit Barnersville 1 Jun
NCD-002,2026-Q2,2026-04-01,2026-06-30,central,facility,Careysburg Health Center,1,,,numerator only (population denominator),,,"equals the Careysburg instance once sync has caught up. C-DTH1 cancer death aged 46, no death encounter, last visit Careysburg 2 May. C-DTH2 was exactly 70"
NCD-002,2026-Q2,2026-04-01,2026-06-30,central,facility,Barnersville Health Center,1,,,numerator only (population denominator),,,equals the Barnersville instance once sync has caught up. B-DTH1 cancer death aged 50 on 30 Jun; last visit Barnersville 1 Jun
NCD-002,2026-Q2,2026-04-01,2026-06-30,central,district,Careysburg District,1,,,numerator only (population denominator),,,"roll-up; Careysburg Health Center is the district's only fixture facility. C-DTH1 cancer death aged 46, no death encounter, last visit Careysburg 2 May. C-DTH2 was exactly 70"
NCD-002,2026-Q2,2026-04-01,2026-06-30,central,district,Greater Monrovia District,1,,,numerator only (population denominator),,,roll-up; Barnersville Health Center is the district's only fixture facility. B-DTH1 cancer death aged 50 on 30 Jun; last visit Barnersville 1 Jun
NCD-002,2026-Q2,2026-04-01,2026-06-30,central,county,Montserrado,2,,,numerator only (population denominator),,,"roll-up of both fixture facilities (both in Montserrado), so equal to national. 1 + 1"
NCD-002,2026-Q2,2026-04-01,2026-06-30,central,national,national,2,,,numerator only (population denominator),,,1 + 1
NCD-005,2026-Q1,2026-01-01,2026-03-31,facility:careysburg,facility,Careysburg Health Center,2,,,numerator only (population denominator),,,first-ever at Careysburg: C-CAN1 breast 11 Feb; C-X cervical 18 Jan
NCD-005,2026-Q1,2026-01-01,2026-03-31,facility:barnersville,facility,Barnersville Health Center,1,,,numerator only (population denominator),,,first-ever: B-CAN1 carcinoma of prostate
NCD-005,2026-Q1,2026-01-01,2026-03-31,central,facility,Careysburg Health Center,2,,,numerator only (population denominator),,,equals the Careysburg instance once sync has caught up. first-ever at Careysburg: C-CAN1 breast 11 Feb; C-X cervical 18 Jan
NCD-005,2026-Q1,2026-01-01,2026-03-31,central,facility,Barnersville Health Center,1,,,numerator only (population denominator),,,equals the Barnersville instance once sync has caught up. first-ever: B-CAN1 carcinoma of prostate
NCD-005,2026-Q1,2026-01-01,2026-03-31,central,district,Careysburg District,2,,,numerator only (population denominator),,,roll-up; Careysburg Health Center is the district's only fixture facility. first-ever at Careysburg: C-CAN1 breast 11 Feb; C-X cervical 18 Jan
NCD-005,2026-Q1,2026-01-01,2026-03-31,central,district,Greater Monrovia District,1,,,numerator only (population denominator),,,roll-up; Barnersville Health Center is the district's only fixture facility. first-ever: B-CAN1 carcinoma of prostate
NCD-005,2026-Q1,2026-01-01,2026-03-31,central,county,Montserrado,3,,,numerator only (population denominator),,,"roll-up of both fixture facilities (both in Montserrado), so equal to national. C-CAN1 breast, X cervical, B-CAN1 prostate"
NCD-005,2026-Q1,2026-01-01,2026-03-31,central,national,national,3,,,numerator only (population denominator),,,"C-CAN1 breast, X cervical, B-CAN1 prostate"
NCD-005,2026-Q2,2026-04-01,2026-06-30,facility:careysburg,facility,Careysburg Health Center,1,,,numerator only (population denominator),,,first-ever: C-CAN2 prostate. C-CAN1's 12 May breast diagnosis is a repeat; C-CAN3 voided
NCD-005,2026-Q2,2026-04-01,2026-06-30,facility:barnersville,facility,Barnersville Health Center,1,,,numerator only (population denominator),,,B-X cervical 28 Apr is new to Barnersville
NCD-005,2026-Q2,2026-04-01,2026-06-30,central,facility,Careysburg Health Center,1,,,numerator only (population denominator),,,equals the Careysburg instance once sync has caught up. first-ever: C-CAN2 prostate. C-CAN1's 12 May breast diagnosis is a repeat; C-CAN3 voided
NCD-005,2026-Q2,2026-04-01,2026-06-30,central,facility,Barnersville Health Center,1,,,numerator only (population denominator),,,equals the Barnersville instance once sync has caught up. B-X cervical 28 Apr is new to Barnersville
NCD-005,2026-Q2,2026-04-01,2026-06-30,central,district,Careysburg District,1,,,numerator only (population denominator),,,roll-up; Careysburg Health Center is the district's only fixture facility. first-ever: C-CAN2 prostate. C-CAN1's 12 May breast diagnosis is a repeat; C-CAN3 voided
NCD-005,2026-Q2,2026-04-01,2026-06-30,central,district,Greater Monrovia District,1,,,numerator only (population denominator),,,roll-up; Barnersville Health Center is the district's only fixture facility. B-X cervical 28 Apr is new to Barnersville
NCD-005,2026-Q2,2026-04-01,2026-06-30,central,county,Montserrado,1,,,numerator only (population denominator),2,,"roll-up of both fixture facilities (both in Montserrado), so equal to national. C-CAN2 only: person X's cervical cancer was first diagnosed at Careysburg in Q1"
NCD-005,2026-Q2,2026-04-01,2026-06-30,central,national,national,1,,,numerator only (population denominator),2,,C-CAN2 only: person X's cervical cancer was first diagnosed at Careysburg in Q1
NCD-007,2026-Q1,2026-01-01,2026-03-31,facility:careysburg,facility,Careysburg Health Center,2,3,66.7,percent; crude (age-standardisation weights not yet fixed),,,"den: C-BP1 150/85, C-BP2 139/89, C-BP3 120/90. num: C-BP1 (SBP), C-BP3 (DBP exactly 90)"
NCD-007,2026-Q1,2026-01-01,2026-03-31,facility:barnersville,facility,Barnersville Health Center,1,1,100.0,percent; crude (age-standardisation weights not yet fixed),,,B-BP1 142/88 (vitals app)
NCD-007,2026-Q1,2026-01-01,2026-03-31,central,facility,Careysburg Health Center,2,3,66.7,percent; crude (age-standardisation weights not yet fixed),,,"equals the Careysburg instance once sync has caught up. den: C-BP1 150/85, C-BP2 139/89, C-BP3 120/90. num: C-BP1 (SBP), C-BP3 (DBP exactly 90)"
NCD-007,2026-Q1,2026-01-01,2026-03-31,central,facility,Barnersville Health Center,1,1,100.0,percent; crude (age-standardisation weights not yet fixed),,,equals the Barnersville instance once sync has caught up. B-BP1 142/88 (vitals app)
NCD-007,2026-Q1,2026-01-01,2026-03-31,central,district,Careysburg District,2,3,66.7,percent; crude (age-standardisation weights not yet fixed),,,"roll-up; Careysburg Health Center is the district's only fixture facility. den: C-BP1 150/85, C-BP2 139/89, C-BP3 120/90. num: C-BP1 (SBP), C-BP3 (DBP exactly 90)"
NCD-007,2026-Q1,2026-01-01,2026-03-31,central,district,Greater Monrovia District,1,1,100.0,percent; crude (age-standardisation weights not yet fixed),,,roll-up; Barnersville Health Center is the district's only fixture facility. B-BP1 142/88 (vitals app)
NCD-007,2026-Q1,2026-01-01,2026-03-31,central,county,Montserrado,3,4,75.0,percent; crude (age-standardisation weights not yet fixed),,,"roll-up of both fixture facilities (both in Montserrado), so equal to national. 3 + 1"
NCD-007,2026-Q1,2026-01-01,2026-03-31,central,national,national,3,4,75.0,percent; crude (age-standardisation weights not yet fixed),,,3 + 1
NCD-007,2026-Q2,2026-04-01,2026-06-30,facility:careysburg,facility,Careysburg Health Center,2,4,50.0,percent; crude (age-standardisation weights not yet fixed),,,"den: C-BP5 (18 today) 145/80, C-BP6 latest 128/82, C-BP7 125/80 after voided 155, C-ANC1 150/95 on the local ANC concepts. num: C-BP5, C-ANC1. C-BP4 is 17"
NCD-007,2026-Q2,2026-04-01,2026-06-30,facility:barnersville,facility,Barnersville Health Center,0,1,0.0,percent; crude (age-standardisation weights not yet fixed),,,den: B-BP2 118/76 on the OPD Consultation Form
NCD-007,2026-Q2,2026-04-01,2026-06-30,central,facility,Careysburg Health Center,2,4,50.0,percent; crude (age-standardisation weights not yet fixed),,,"equals the Careysburg instance once sync has caught up. den: C-BP5 (18 today) 145/80, C-BP6 latest 128/82, C-BP7 125/80 after voided 155, C-ANC1 150/95 on the local ANC concepts. num: C-BP5, C-ANC1. C-BP4 is 17"
NCD-007,2026-Q2,2026-04-01,2026-06-30,central,facility,Barnersville Health Center,0,1,0.0,percent; crude (age-standardisation weights not yet fixed),,,equals the Barnersville instance once sync has caught up. den: B-BP2 118/76 on the OPD Consultation Form
NCD-007,2026-Q2,2026-04-01,2026-06-30,central,district,Careysburg District,2,4,50.0,percent; crude (age-standardisation weights not yet fixed),,,"roll-up; Careysburg Health Center is the district's only fixture facility. den: C-BP5 (18 today) 145/80, C-BP6 latest 128/82, C-BP7 125/80 after voided 155, C-ANC1 150/95 on the local ANC concepts. num: C-BP5, C-ANC1. C-BP4 is 17"
NCD-007,2026-Q2,2026-04-01,2026-06-30,central,district,Greater Monrovia District,0,1,0.0,percent; crude (age-standardisation weights not yet fixed),,,roll-up; Barnersville Health Center is the district's only fixture facility. den: B-BP2 118/76 on the OPD Consultation Form
NCD-007,2026-Q2,2026-04-01,2026-06-30,central,county,Montserrado,2,5,40.0,percent; crude (age-standardisation weights not yet fixed),,,"roll-up of both fixture facilities (both in Montserrado), so equal to national. 4 + 1"
NCD-007,2026-Q2,2026-04-01,2026-06-30,central,national,national,2,5,40.0,percent; crude (age-standardisation weights not yet fixed),,,4 + 1
NCD-011,2026-Q1,2026-01-01,2026-03-31,facility:careysburg,facility,Careysburg Health Center,1,1,100.0,percent; crude (age-standardisation weights not yet fixed),,,C-BP1 total cholesterol exactly 5.0
NCD-011,2026-Q1,2026-01-01,2026-03-31,facility:barnersville,facility,Barnersville Health Center,0,0,,percent; crude (age-standardisation weights not yet fixed),,,no cholesterol result (denominator 0: no value)
NCD-011,2026-Q1,2026-01-01,2026-03-31,central,facility,Careysburg Health Center,1,1,100.0,percent; crude (age-standardisation weights not yet fixed),,,equals the Careysburg instance once sync has caught up. C-BP1 total cholesterol exactly 5.0
NCD-011,2026-Q1,2026-01-01,2026-03-31,central,facility,Barnersville Health Center,0,0,,percent; crude (age-standardisation weights not yet fixed),,,equals the Barnersville instance once sync has caught up. no cholesterol result (denominator 0: no value)
NCD-011,2026-Q1,2026-01-01,2026-03-31,central,district,Careysburg District,1,1,100.0,percent; crude (age-standardisation weights not yet fixed),,,roll-up; Careysburg Health Center is the district's only fixture facility. C-BP1 total cholesterol exactly 5.0
NCD-011,2026-Q1,2026-01-01,2026-03-31,central,district,Greater Monrovia District,0,0,,percent; crude (age-standardisation weights not yet fixed),,,roll-up; Barnersville Health Center is the district's only fixture facility. no cholesterol result (denominator 0: no value)
NCD-011,2026-Q1,2026-01-01,2026-03-31,central,county,Montserrado,1,1,100.0,percent; crude (age-standardisation weights not yet fixed),,,"roll-up of both fixture facilities (both in Montserrado), so equal to national. C-BP1"
NCD-011,2026-Q1,2026-01-01,2026-03-31,central,national,national,1,1,100.0,percent; crude (age-standardisation weights not yet fixed),,,C-BP1
NCD-011,2026-Q2,2026-04-01,2026-06-30,facility:careysburg,facility,Careysburg Health Center,0,2,0.0,percent; crude (age-standardisation weights not yet fixed),,,"den: C-CHOL2 4.9, C-CHOL4 latest 4.5 (6.2 earlier). C-CHOL3 is 17"
NCD-011,2026-Q2,2026-04-01,2026-06-30,facility:barnersville,facility,Barnersville Health Center,1,1,100.0,percent; crude (age-standardisation weights not yet fixed),,,B-CHOL1 5.8
NCD-011,2026-Q2,2026-04-01,2026-06-30,central,facility,Careysburg Health Center,0,2,0.0,percent; crude (age-standardisation weights not yet fixed),,,"equals the Careysburg instance once sync has caught up. den: C-CHOL2 4.9, C-CHOL4 latest 4.5 (6.2 earlier). C-CHOL3 is 17"
NCD-011,2026-Q2,2026-04-01,2026-06-30,central,facility,Barnersville Health Center,1,1,100.0,percent; crude (age-standardisation weights not yet fixed),,,equals the Barnersville instance once sync has caught up. B-CHOL1 5.8
NCD-011,2026-Q2,2026-04-01,2026-06-30,central,district,Careysburg District,0,2,0.0,percent; crude (age-standardisation weights not yet fixed),,,"roll-up; Careysburg Health Center is the district's only fixture facility. den: C-CHOL2 4.9, C-CHOL4 latest 4.5 (6.2 earlier). C-CHOL3 is 17"
NCD-011,2026-Q2,2026-04-01,2026-06-30,central,district,Greater Monrovia District,1,1,100.0,percent; crude (age-standardisation weights not yet fixed),,,roll-up; Barnersville Health Center is the district's only fixture facility. B-CHOL1 5.8
NCD-011,2026-Q2,2026-04-01,2026-06-30,central,county,Montserrado,1,3,33.3,percent; crude (age-standardisation weights not yet fixed),,,"roll-up of both fixture facilities (both in Montserrado), so equal to national. 2 + 1"
NCD-011,2026-Q2,2026-04-01,2026-06-30,central,national,national,1,3,33.3,percent; crude (age-standardisation weights not yet fixed),,,2 + 1
NCD-015,2026-Q1,2026-01-01,2026-03-31,facility:careysburg,facility,Careysburg Health Center,1,2,50.0,percent,,,"num: C-REN1 renal failure (N19). den: C-REN1 creatinine, C-REN2 urea"
NCD-015,2026-Q1,2026-01-01,2026-03-31,facility:barnersville,facility,Barnersville Health Center,0,0,,percent,,,no renal diagnosis or test (denominator 0: no value)
NCD-015,2026-Q1,2026-01-01,2026-03-31,central,facility,Careysburg Health Center,1,2,50.0,percent,,,"equals the Careysburg instance once sync has caught up. num: C-REN1 renal failure (N19). den: C-REN1 creatinine, C-REN2 urea"
NCD-015,2026-Q1,2026-01-01,2026-03-31,central,facility,Barnersville Health Center,0,0,,percent,,,equals the Barnersville instance once sync has caught up. no renal diagnosis or test (denominator 0: no value)
NCD-015,2026-Q1,2026-01-01,2026-03-31,central,district,Careysburg District,1,2,50.0,percent,,,"roll-up; Careysburg Health Center is the district's only fixture facility. num: C-REN1 renal failure (N19). den: C-REN1 creatinine, C-REN2 urea"
NCD-015,2026-Q1,2026-01-01,2026-03-31,central,district,Greater Monrovia District,0,0,,percent,,,roll-up; Barnersville Health Center is the district's only fixture facility. no renal diagnosis or test (denominator 0: no value)
NCD-015,2026-Q1,2026-01-01,2026-03-31,central,county,Montserrado,1,2,50.0,percent,,,"roll-up of both fixture facilities (both in Montserrado), so equal to national. Careysburg only"
NCD-015,2026-Q1,2026-01-01,2026-03-31,central,national,national,1,2,50.0,percent,,,Careysburg only
NCD-015,2026-Q2,2026-04-01,2026-06-30,facility:careysburg,facility,Careysburg Health Center,1,1,100.0,percent,,,"num: C-REN3 chronic kidney disease (N03.9), untested. den: C-REN6 eGFR. C-REN4 is 17; C-REN5 result voided. Numerator is not a subset of the denominator (CSV definition)"
NCD-015,2026-Q2,2026-04-01,2026-06-30,facility:barnersville,facility,Barnersville Health Center,1,1,100.0,percent,,,num and den: B-REN1 creatinine and renal failure
NCD-015,2026-Q2,2026-04-01,2026-06-30,central,facility,Careysburg Health Center,1,1,100.0,percent,,,"equals the Careysburg instance once sync has caught up. num: C-REN3 chronic kidney disease (N03.9), untested. den: C-REN6 eGFR. C-REN4 is 17; C-REN5 result voided. Numerator is not a subset of the denominator (CSV definition)"
NCD-015,2026-Q2,2026-04-01,2026-06-30,central,facility,Barnersville Health Center,1,1,100.0,percent,,,equals the Barnersville instance once sync has caught up. num and den: B-REN1 creatinine and renal failure
NCD-015,2026-Q2,2026-04-01,2026-06-30,central,district,Careysburg District,1,1,100.0,percent,,,"roll-up; Careysburg Health Center is the district's only fixture facility. num: C-REN3 chronic kidney disease (N03.9), untested. den: C-REN6 eGFR. C-REN4 is 17; C-REN5 result voided. Numerator is not a subset of the denominator (CSV definition)"
NCD-015,2026-Q2,2026-04-01,2026-06-30,central,district,Greater Monrovia District,1,1,100.0,percent,,,roll-up; Barnersville Health Center is the district's only fixture facility. num and den: B-REN1 creatinine and renal failure
NCD-015,2026-Q2,2026-04-01,2026-06-30,central,county,Montserrado,2,2,100.0,percent,,,"roll-up of both fixture facilities (both in Montserrado), so equal to national. 1 + 1"
NCD-015,2026-Q2,2026-04-01,2026-06-30,central,national,national,2,2,100.0,percent,,,1 + 1
EMR-OPS-007,2026-Q1,2026-01-01,2026-03-31,facility:careysburg,facility,Careysburg Health Center,2,81,2.5,percent,,,"facility heuristic: C-DUP1A and C-DUP1B share name, birthdate and sex; 81 non-voided fixture patients, all registered by 15 Dec 2025"
EMR-OPS-007,2026-Q1,2026-01-01,2026-03-31,facility:barnersville,facility,Barnersville Health Center,2,32,6.2,percent,,,"facility heuristic: B-DUP2A and B-DUP2B share name, birthdate, sex and National ID; 32 non-voided patients"
EMR-OPS-007,2026-Q1,2026-01-01,2026-03-31,central,facility,Careysburg Health Center,0,81,0.0,percent,,,"central: no CPI groups two Careysburg records (C-DUP1 has no National ID); 81 persons with a Careysburg record, X included"
EMR-OPS-007,2026-Q1,2026-01-01,2026-03-31,central,facility,Barnersville Health Center,1,31,3.2,percent,,,central: B-DUP2A/B linked on National ID at the same facility; 32 records = 31 persons
EMR-OPS-007,2026-Q1,2026-01-01,2026-03-31,central,district,Careysburg District,0,81,0.0,percent,,,"roll-up; Careysburg Health Center is the district's only fixture facility. central: no CPI groups two Careysburg records (C-DUP1 has no National ID); 81 persons with a Careysburg record, X included"
EMR-OPS-007,2026-Q1,2026-01-01,2026-03-31,central,district,Greater Monrovia District,1,31,3.2,percent,,,roll-up; Barnersville Health Center is the district's only fixture facility. central: B-DUP2A/B linked on National ID at the same facility; 32 records = 31 persons
EMR-OPS-007,2026-Q1,2026-01-01,2026-03-31,central,county,Montserrado,1,111,0.9,percent,,,"roll-up of both fixture facilities (both in Montserrado), so equal to national. central: 113 records, X linked across facilities (not a duplicate) and B-DUP2 linked: 111 primary CPIs; one same-facility group"
EMR-OPS-007,2026-Q1,2026-01-01,2026-03-31,central,national,national,1,111,0.9,percent,,,"central: 113 records, X linked across facilities (not a duplicate) and B-DUP2 linked: 111 primary CPIs; one same-facility group"
EMR-OPS-007,2026-Q2,2026-04-01,2026-06-30,facility:careysburg,facility,Careysburg Health Center,2,81,2.5,percent,,,"facility heuristic: C-DUP1A and C-DUP1B share name, birthdate and sex; 81 non-voided fixture patients, all registered by 15 Dec 2025"
EMR-OPS-007,2026-Q2,2026-04-01,2026-06-30,facility:barnersville,facility,Barnersville Health Center,2,32,6.2,percent,,,"facility heuristic: B-DUP2A and B-DUP2B share name, birthdate, sex and National ID; 32 non-voided patients"
EMR-OPS-007,2026-Q2,2026-04-01,2026-06-30,central,facility,Careysburg Health Center,0,81,0.0,percent,,,"central: no CPI groups two Careysburg records (C-DUP1 has no National ID); 81 persons with a Careysburg record, X included"
EMR-OPS-007,2026-Q2,2026-04-01,2026-06-30,central,facility,Barnersville Health Center,1,31,3.2,percent,,,central: B-DUP2A/B linked on National ID at the same facility; 32 records = 31 persons
EMR-OPS-007,2026-Q2,2026-04-01,2026-06-30,central,district,Careysburg District,0,81,0.0,percent,,,"roll-up; Careysburg Health Center is the district's only fixture facility. central: no CPI groups two Careysburg records (C-DUP1 has no National ID); 81 persons with a Careysburg record, X included"
EMR-OPS-007,2026-Q2,2026-04-01,2026-06-30,central,district,Greater Monrovia District,1,31,3.2,percent,,,roll-up; Barnersville Health Center is the district's only fixture facility. central: B-DUP2A/B linked on National ID at the same facility; 32 records = 31 persons
EMR-OPS-007,2026-Q2,2026-04-01,2026-06-30,central,county,Montserrado,1,111,0.9,percent,,,"roll-up of both fixture facilities (both in Montserrado), so equal to national. central: 113 records, X linked across facilities (not a duplicate) and B-DUP2 linked: 111 primary CPIs; one same-facility group"
EMR-OPS-007,2026-Q2,2026-04-01,2026-06-30,central,national,national,1,111,0.9,percent,,,"central: 113 records, X linked across facilities (not a duplicate) and B-DUP2 linked: 111 primary CPIs; one same-facility group"
EMR-OPS-008,2026-Q1,2026-01-01,2026-03-31,facility:careysburg,facility,Careysburg Health Center,26,27,96.3,percent,,,"den 27 = 35 Careysburg encounters in Q1 minus 8 Order (none voided); num 26: all but C-MUAC7-1, entered 3 days late"
EMR-OPS-008,2026-Q1,2026-01-01,2026-03-31,facility:barnersville,facility,Barnersville Health Center,10,11,90.9,percent,,,"den 11 = 15 Barnersville encounters in Q1 minus 4 Order (B-VITA2-1, B-DIA1-2, B-PNE1-2, B-MAL1-1; none voided): B-X-1, B-FP2-1, B-LD1-1, B-PNC2-1, B-MUAC1-1, B-WHZ1-1, B-DIA1-1, B-PNE1-1, B-PNE1-3, B-CAN1-1, B-BP1-1. num 10: all but B-PNC2-1 (31 Mar 23:59:59, entered 1 Apr 00:10)"
EMR-OPS-008,2026-Q1,2026-01-01,2026-03-31,central,facility,Careysburg Health Center,26,27,96.3,percent,,,"equals the Careysburg instance once sync has caught up. den 27 = 35 Careysburg encounters in Q1 minus 8 Order (none voided); num 26: all but C-MUAC7-1, entered 3 days late"
EMR-OPS-008,2026-Q1,2026-01-01,2026-03-31,central,facility,Barnersville Health Center,10,11,90.9,percent,,,"equals the Barnersville instance once sync has caught up. den 11 = 15 Barnersville encounters in Q1 minus 4 Order (B-VITA2-1, B-DIA1-2, B-PNE1-2, B-MAL1-1; none voided): B-X-1, B-FP2-1, B-LD1-1, B-PNC2-1, B-MUAC1-1, B-WHZ1-1, B-DIA1-1, B-PNE1-1, B-PNE1-3, B-CAN1-1, B-BP1-1. num 10: all but B-PNC2-1 (31 Mar 23:59:59, entered 1 Apr 00:10)"
EMR-OPS-008,2026-Q1,2026-01-01,2026-03-31,central,district,Careysburg District,26,27,96.3,percent,,,"roll-up; Careysburg Health Center is the district's only fixture facility. den 27 = 35 Careysburg encounters in Q1 minus 8 Order (none voided); num 26: all but C-MUAC7-1, entered 3 days late"
EMR-OPS-008,2026-Q1,2026-01-01,2026-03-31,central,district,Greater Monrovia District,10,11,90.9,percent,,,"roll-up; Barnersville Health Center is the district's only fixture facility. den 11 = 15 Barnersville encounters in Q1 minus 4 Order (B-VITA2-1, B-DIA1-2, B-PNE1-2, B-MAL1-1; none voided): B-X-1, B-FP2-1, B-LD1-1, B-PNC2-1, B-MUAC1-1, B-WHZ1-1, B-DIA1-1, B-PNE1-1, B-PNE1-3, B-CAN1-1, B-BP1-1. num 10: all but B-PNC2-1 (31 Mar 23:59:59, entered 1 Apr 00:10)"
EMR-OPS-008,2026-Q1,2026-01-01,2026-03-31,central,county,Montserrado,36,38,94.7,percent,,,"roll-up of both fixture facilities (both in Montserrado), so equal to national. encounter level: 26/27 + 10/11; late C-MUAC7-1 and B-PNC2-1; Order and voided encounters excluded"
EMR-OPS-008,2026-Q1,2026-01-01,2026-03-31,central,national,national,36,38,94.7,percent,,,encounter level: 26/27 + 10/11; late C-MUAC7-1 and B-PNC2-1; Order and voided encounters excluded
EMR-OPS-008,2026-Q2,2026-04-01,2026-06-30,facility:careysburg,facility,Careysburg Health Center,48,49,98.0,percent,,,"den 49 = 67 Careysburg encounters in Q2 minus 15 Order minus 3 voided (C-ANC4-1, C-FP6-1, C-LD4-1, excluded from both parts); C-LD3-1 is after the period. num 48: all but C-PNE2-2, entered 7 days late"
EMR-OPS-008,2026-Q2,2026-04-01,2026-06-30,facility:barnersville,facility,Barnersville Health Center,16,17,94.1,percent,,,"den 17 = 23 Barnersville encounters in Q2 minus 6 Order (none voided); num 16: all but B-BP2-1, entered 2 days late"
EMR-OPS-008,2026-Q2,2026-04-01,2026-06-30,central,facility,Careysburg Health Center,48,49,98.0,percent,,,"equals the Careysburg instance once sync has caught up. den 49 = 67 Careysburg encounters in Q2 minus 15 Order minus 3 voided (C-ANC4-1, C-FP6-1, C-LD4-1, excluded from both parts); C-LD3-1 is after the period. num 48: all but C-PNE2-2, entered 7 days late"
EMR-OPS-008,2026-Q2,2026-04-01,2026-06-30,central,facility,Barnersville Health Center,16,17,94.1,percent,,,"equals the Barnersville instance once sync has caught up. den 17 = 23 Barnersville encounters in Q2 minus 6 Order (none voided); num 16: all but B-BP2-1, entered 2 days late"
EMR-OPS-008,2026-Q2,2026-04-01,2026-06-30,central,district,Careysburg District,48,49,98.0,percent,,,"roll-up; Careysburg Health Center is the district's only fixture facility. den 49 = 67 Careysburg encounters in Q2 minus 15 Order minus 3 voided (C-ANC4-1, C-FP6-1, C-LD4-1, excluded from both parts); C-LD3-1 is after the period. num 48: all but C-PNE2-2, entered 7 days late"
EMR-OPS-008,2026-Q2,2026-04-01,2026-06-30,central,district,Greater Monrovia District,16,17,94.1,percent,,,"roll-up; Barnersville Health Center is the district's only fixture facility. den 17 = 23 Barnersville encounters in Q2 minus 6 Order (none voided); num 16: all but B-BP2-1, entered 2 days late"
EMR-OPS-008,2026-Q2,2026-04-01,2026-06-30,central,county,Montserrado,64,66,97.0,percent,,,"roll-up of both fixture facilities (both in Montserrado), so equal to national. encounter level: 48/49 + 16/17; late C-PNE2-2 and B-BP2-1; Order and voided encounters excluded"
EMR-OPS-008,2026-Q2,2026-04-01,2026-06-30,central,national,national,64,66,97.0,percent,,,encounter level: 48/49 + 16/17; late C-PNE2-2 and B-BP2-1; Order and voided encounters excluded
EMR-OPS-015,2026-Q1,2026-01-01,2026-03-31,facility:careysburg,facility,Careysburg Health Center,4,5,80.0,percent,,,"patients with 2+ visits: C-ANC1, C-ANC2, C-X, C-PNC1, C-BP1. C-ANC1 has a voided HRN"
EMR-OPS-015,2026-Q1,2026-01-01,2026-03-31,facility:barnersville,facility,Barnersville Health Center,0,1,0.0,percent,,,B-PNE1 (14 and 21 Feb) holds two live HRNs
EMR-OPS-015,2026-Q1,2026-01-01,2026-03-31,central,facility,Careysburg Health Center,2,5,40.0,percent,,,central: same 5 persons at Careysburg; consistent National ID only for C-ANC2 and X
EMR-OPS-015,2026-Q1,2026-01-01,2026-03-31,central,facility,Barnersville Health Center,0,1,0.0,percent,,,central: B-PNE1 has no National ID
EMR-OPS-015,2026-Q1,2026-01-01,2026-03-31,central,district,Careysburg District,2,5,40.0,percent,,,roll-up; Careysburg Health Center is the district's only fixture facility. central: same 5 persons at Careysburg; consistent National ID only for C-ANC2 and X
EMR-OPS-015,2026-Q1,2026-01-01,2026-03-31,central,district,Greater Monrovia District,0,1,0.0,percent,,,roll-up; Barnersville Health Center is the district's only fixture facility. central: B-PNE1 has no National ID
EMR-OPS-015,2026-Q1,2026-01-01,2026-03-31,central,county,Montserrado,2,6,33.3,percent,,,"roll-up of both fixture facilities (both in Montserrado), so equal to national. central: persons with 2+ visits: the 5 above (X counted once, 3 visits across facilities) + B-PNE1; National ID: C-ANC2, X"
EMR-OPS-015,2026-Q1,2026-01-01,2026-03-31,central,national,national,2,6,33.3,percent,,,"central: persons with 2+ visits: the 5 above (X counted once, 3 visits across facilities) + B-PNE1; National ID: C-ANC2, X"
EMR-OPS-015,2026-Q2,2026-04-01,2026-06-30,facility:careysburg,facility,Careysburg Health Center,10,11,90.9,percent,,,"patients with 2+ visits: C-ANC1, C-ANC3, C-ANC4 (voided encounter, live visit), C-LD2, C-MUAC2, C-DIA4, C-DIA7, C-PNE2, C-BP6, C-CHOL4, C-MAL3. C-ANC1 has a voided HRN"
EMR-OPS-015,2026-Q2,2026-04-01,2026-06-30,facility:barnersville,facility,Barnersville Health Center,1,1,100.0,percent,,,B-X (25 and 28 Apr)
EMR-OPS-015,2026-Q2,2026-04-01,2026-06-30,central,facility,Careysburg Health Center,0,11,0.0,percent,,,central: the same 11 persons; none has a National ID
EMR-OPS-015,2026-Q2,2026-04-01,2026-06-30,central,facility,Barnersville Health Center,1,1,100.0,percent,,,"central: X, linked on National ID"
EMR-OPS-015,2026-Q2,2026-04-01,2026-06-30,central,district,Careysburg District,0,11,0.0,percent,,,roll-up; Careysburg Health Center is the district's only fixture facility. central: the same 11 persons; none has a National ID
EMR-OPS-015,2026-Q2,2026-04-01,2026-06-30,central,district,Greater Monrovia District,1,1,100.0,percent,,,"roll-up; Barnersville Health Center is the district's only fixture facility. central: X, linked on National ID"
EMR-OPS-015,2026-Q2,2026-04-01,2026-06-30,central,county,Montserrado,1,12,8.3,percent,,,"roll-up of both fixture facilities (both in Montserrado), so equal to national. central: 11 + X; National ID: X"
EMR-OPS-015,2026-Q2,2026-04-01,2026-06-30,central,national,national,1,12,8.3,percent,,,central: 11 + X; National ID: X
