Uuid,Void/Retire,Concept frequency,Frequency per day
${var.orderfrequency.once-daily.uuid},,CIEL:160862,1
${var.orderfrequency.twice-daily.uuid},,CIEL:160858,2
${var.orderfrequency.three-times-daily.uuid},,CIEL:160866,3
${var.orderfrequency.four-times-daily.uuid},,CIEL:160870,4
${var.orderfrequency.stat.uuid},,CIEL:162135,1
${var.orderfrequency.every-two-hours.uuid},,CIEL:162245,12
${var.orderfrequency.every-twelve-hours.uuid},,CIEL:162251,2
${var.orderfrequency.every-three-hours.uuid},,CIEL:162246,8
${var.orderfrequency.every-four-hours.uuid},,CIEL:162247,6
