key,patient,datetime,encounter_type,form,location,entered,voided,visit_voided,purpose
C-ANC1-1,C-ANC1,2026-01-15 09:00:00,${var.encountertype.anc-initial.uuid},anc-initial-v1.2,${var.location.maternity.uuid},,,,ANC first visit
C-ANC1-2,C-ANC1,2026-02-20 09:00:00,${var.encountertype.anc-followup.uuid},anc-followup-v1.0,${var.location.maternity.uuid},,,,
C-ANC1-3,C-ANC1,2026-04-10 09:00:00,${var.encountertype.anc-followup.uuid},anc-followup-v1.0,${var.location.maternity.uuid},,,,GA exactly 28 on the follow-up concept; no trimester answer
C-ANC1-4,C-ANC1,2026-05-15 09:00:00,${var.encountertype.anc-followup.uuid},anc-followup-v1.0,${var.location.maternity.uuid},,,,
C-ANC2-1,C-ANC2,2026-02-05 09:00:00,${var.encountertype.anc-initial.uuid},anc-initial-v1.1,${var.location.maternity.uuid},,,,old form version
C-ANC2-2,C-ANC2,2026-03-31 23:59:59,${var.encountertype.anc-followup.uuid},anc-followup-v1.0,${var.location.maternity.uuid},,,,last second of Q1
C-ANC3-1,C-ANC3,2026-04-01 00:00:00,${var.encountertype.consultation.uuid},anc-national-v1.1,${var.location.maternity.uuid},,,,first second of Q2
C-ANC3-2,C-ANC3,2026-06-30 23:59:59,${var.encountertype.consultation.uuid},anc-national-v1.1,${var.location.maternity.uuid},,,,last second of Q2
C-ANC4-1,C-ANC4,2026-05-05 09:00:00,${var.encountertype.anc-initial.uuid},anc-initial-v1.2,${var.location.maternity.uuid},,1,,voided encounter (the visit stays)
C-ANC4-2,C-ANC4,2026-06-01 09:00:00,${var.encountertype.anc-followup.uuid},anc-followup-v1.0,${var.location.maternity.uuid},,,,
C-ANC5-0,C-ANC5,2025-12-16 09:00:00,${var.encountertype.anc-initial.uuid},anc-initial-v1.2,${var.location.maternity.uuid},,,,before both periods
C-ANC5-1,C-ANC5,2026-06-18 09:00:00,${var.encountertype.anc-followup.uuid},anc-followup-v1.0,${var.location.maternity.uuid},,,,
C-ANC6-0,C-ANC6,2025-12-18 09:00:00,${var.encountertype.anc-initial.uuid},anc-initial-v1.2,${var.location.maternity.uuid},,,,before both periods
C-ANC6-1,C-ANC6,2026-05-20 09:00:00,${var.encountertype.anc-followup.uuid},anc-followup-v1.0,${var.location.maternity.uuid},,,,
C-X-1,C-X,2026-01-18 10:00:00,${var.encountertypes.visit-note.uuid},,${var.location.opd.uuid},,,,
C-X-2,C-X,2026-02-10 09:00:00,${var.encountertype.anc-initial.uuid},anc-initial-v1.2,${var.location.maternity.uuid},,,,
C-FP1-1,C-FP1,2026-02-20 09:00:00,${var.encountertype.family-planning.uuid},fp-v2.2,${var.location.maternity.uuid},,,,
C-FP1-2,C-FP1,2026-05-20 09:00:00,${var.encountertype.family-planning.uuid},fp-v2.2,${var.location.maternity.uuid},,,,
C-FP2-1,C-FP2,2025-11-10 09:00:00,${var.encountertype.consultation.uuid},fp-national-v1.0,${var.location.maternity.uuid},,,,old form version on Consultation
C-FP3-1,C-FP3,2025-12-01 09:00:00,${var.encountertype.family-planning.uuid},fp-v2.2,${var.location.maternity.uuid},,,,
C-FP4-1,C-FP4,2025-10-01 09:00:00,${var.encountertype.family-planning.uuid},fp-v2.2,${var.location.maternity.uuid},,,,
C-FP4-2,C-FP4,2026-04-15 09:00:00,${var.encountertype.family-planning.uuid},fp-v2.2,${var.location.maternity.uuid},,,,removal visit
C-FP5-1,C-FP5,2025-09-01 09:00:00,${var.encountertype.family-planning.uuid},fp-v2.2,${var.location.maternity.uuid},,,,
C-FP6-1,C-FP6,2026-06-10 09:00:00,${var.encountertype.family-planning.uuid},fp-v2.2,${var.location.maternity.uuid},,1,,voided encounter
C-LD1-1,C-LD1,2026-02-14 09:00:00,${var.encountertype.labor-delivery.uuid},ld-first-second-v1.2,${var.location.maternity.uuid},,,,
C-LD2-1,C-LD2,2026-05-03 09:00:00,${var.encountertype.labor-delivery.uuid},ld-first-second-v1.2,${var.location.maternity.uuid},,,,
C-LD2-2,C-LD2,2026-05-04 08:00:00,${var.encountertype.labor-delivery.uuid},ld-first-second-v1.2,${var.location.maternity.uuid},,,,same delivery recorded again
C-LD3-1,C-LD3,2026-07-01 00:00:00,${var.encountertype.labor-delivery.uuid},ld-first-second-v1.2,${var.location.maternity.uuid},,,,first second after Q2
C-LD4-1,C-LD4,2026-04-12 09:00:00,${var.encountertype.labor-delivery.uuid},ld-first-second-v1.2,${var.location.maternity.uuid},,1,1,voided encounter in a voided visit
C-LD5-1,C-LD5,2026-06-15 09:00:00,${var.encountertype.labor-delivery.uuid},ld-first-second-v1.2,${var.location.maternity.uuid},,,,
C-PNC1-1,C-PNC1,2026-01-20 09:00:00,${var.encountertype.mch-pnc.uuid},pnc-mother-v1.0,${var.location.maternity.uuid},,,,
C-PNC1-2,C-PNC1,2026-01-27 09:00:00,${var.encountertype.mch-pnc.uuid},pnc-mother-v1.0,${var.location.maternity.uuid},,,,same delivery
C-PNC2-1,C-PNC2,2026-05-10 09:00:00,${var.encountertype.mch-pnc.uuid},pnc-mother-v1.0,${var.location.maternity.uuid},,,,
C-PNC3-1,C-PNC3,2026-06-05 09:00:00,${var.encountertype.mch-pnc.uuid},pnc-mother-v1.0,${var.location.maternity.uuid},,,,
C-VITA1-1,C-VITA1,2026-02-15 09:00:00,${var.encountertype.consultation.uuid},immunization-v1.1,${var.location.opd.uuid},,,,
C-VITA2-1,C-VITA2,2026-03-19 09:00:00,${var.encountertype.consultation.uuid},immunization-v1.1,${var.location.opd.uuid},,,,
C-VITA3-1,C-VITA3,2026-05-10 09:00:00,${var.encountertype.consultation.uuid},immunization-v1.1,${var.location.opd.uuid},,,,
C-VITA4-1,C-VITA4,2026-04-20 09:00:00,${var.encountertypes.order.uuid},,${var.location.opd.uuid},,,,drug order
C-VITA5-1,C-VITA5,2026-04-05 09:00:00,${var.encountertypes.order.uuid},,${var.location.opd.uuid},,,,drug order
C-VITA6-1,C-VITA6,2026-06-10 09:00:00,${var.encountertype.consultation.uuid},immunization-v1.1,${var.location.opd.uuid},,,,
C-MUAC1-1,C-MUAC1,2026-02-10 09:00:00,${var.encountertype.triage.uuid},triage-v2.0,${var.location.opd.uuid},,,,
C-MUAC2-1,C-MUAC2,2026-04-15 09:00:00,${var.encountertype.triage.uuid},triage-v2.0,${var.location.opd.uuid},,,,
C-MUAC2-2,C-MUAC2,2026-05-20 09:00:00,${var.encountertype.triage.uuid},triage-v2.0,${var.location.opd.uuid},,,,
C-MUAC3-1,C-MUAC3,2026-05-01 09:00:00,${var.encountertype.triage.uuid},triage-v2.0,${var.location.opd.uuid},,,,
C-MUAC4-1,C-MUAC4,2026-05-01 09:30:00,${var.encountertype.triage.uuid},triage-v2.0,${var.location.opd.uuid},,,,
C-MUAC5-1,C-MUAC5,2026-06-12 09:00:00,${var.encountertype.triage.uuid},triage-v2.0,${var.location.opd.uuid},,,,
C-MUAC6-1,C-MUAC6,2026-04-15 09:30:00,${var.encountertype.triage.uuid},triage-v2.0,${var.location.opd.uuid},,,,
C-MUAC7-1,C-MUAC7,2026-03-10 09:00:00,${var.encountertype.vitals.uuid},,,2026-03-13 15:00:00,,,no encounter location (attributed by visit location); back-dated entry
C-MUAC8-1,C-MUAC8,2026-06-20 09:00:00,${var.encountertype.triage.uuid},triage-v2.0,${var.location.opd.uuid},,,,
C-WHZ1-1,C-WHZ1,2026-03-12 09:00:00,${var.encountertype.triage.uuid},triage-v2.0,${var.location.opd.uuid},,,,
C-WHZ2-1,C-WHZ2,2026-05-08 09:00:00,${var.encountertype.triage.uuid},triage-v2.0,${var.location.opd.uuid},,,,
C-WHZ3-1,C-WHZ3,2026-05-15 09:30:00,${var.encountertype.triage.uuid},triage-v2.0,${var.location.opd.uuid},,,,
C-WHZ4-1,C-WHZ4,2026-06-02 09:30:00,${var.encountertype.triage.uuid},triage-v2.0,${var.location.opd.uuid},,,,
C-WHZ5-1,C-WHZ5,2026-04-03 09:00:00,${var.encountertype.triage.uuid},triage-v2.0,${var.location.opd.uuid},,,,weight only
C-WHZ5-2,C-WHZ5,2026-04-03 11:00:00,${var.encountertype.vitals.uuid},,${var.location.opd.uuid},,,,height only
C-DIA1-1,C-DIA1,2026-02-03 10:00:00,${var.encountertypes.visit-note.uuid},,${var.location.opd.uuid},,,,
C-DIA1-2,C-DIA1,2026-02-03 10:15:00,${var.encountertypes.order.uuid},,${var.location.opd.uuid},,,,ORS order
C-DIA2-1,C-DIA2,2026-02-15 10:00:00,${var.encountertypes.visit-note.uuid},,${var.location.opd.uuid},,,,
C-DIA3-1,C-DIA3,2026-02-28 10:00:00,${var.encountertypes.visit-note.uuid},,${var.location.opd.uuid},,,,
C-DIA4-1,C-DIA4,2026-05-01 10:00:00,${var.encountertypes.visit-note.uuid},,${var.location.opd.uuid},,,,episode 1 day 0
C-DIA4-2,C-DIA4,2026-05-10 10:00:00,${var.encountertypes.visit-note.uuid},,${var.location.opd.uuid},,,,episode 1 day 9
C-DIA4-3,C-DIA4,2026-06-01 10:00:00,${var.encountertypes.visit-note.uuid},,${var.location.opd.uuid},,,,episode 2 (22 days after the last diagnosis)
C-DIA5-1,C-DIA5,2026-03-28 10:00:00,${var.encountertypes.visit-note.uuid},,${var.location.opd.uuid},,,,
C-DIA5-2,C-DIA5,2026-04-03 10:00:00,${var.encountertypes.visit-note.uuid},,${var.location.opd.uuid},,,,same episode 6 days later
C-DIA5-3,C-DIA5,2026-04-03 10:15:00,${var.encountertypes.order.uuid},,${var.location.opd.uuid},,,,ORS order
C-DIA6-1,C-DIA6,2026-05-20 10:00:00,${var.encountertypes.visit-note.uuid},,${var.location.opd.uuid},,,,diagnosis voided
C-DIA7-1,C-DIA7,2026-06-12 10:00:00,${var.encountertypes.visit-note.uuid},,${var.location.opd.uuid},,,,
C-DIA7-2,C-DIA7,2026-06-14 10:15:00,${var.encountertypes.order.uuid},,${var.location.opd.uuid},,,,ORS order in a later visit
C-PNE1-1,C-PNE1,2026-01-25 10:00:00,${var.encountertypes.visit-note.uuid},,${var.location.opd.uuid},,,,
C-PNE1-2,C-PNE1,2026-01-25 10:15:00,${var.encountertypes.order.uuid},,${var.location.opd.uuid},,,,amoxicillin order
C-PNE2-1,C-PNE2,2026-04-18 10:00:00,${var.encountertypes.visit-note.uuid},,${var.location.opd.uuid},,,,
C-PNE2-2,C-PNE2,2026-04-25 10:00:00,${var.encountertypes.visit-note.uuid},,${var.location.opd.uuid},2026-05-02 11:00:00,,,back-dated entry
C-PNE3-1,C-PNE3,2026-06-29 10:00:00,${var.encountertypes.visit-note.uuid},,${var.location.opd.uuid},,,,
C-PNE3-2,C-PNE3,2026-06-29 10:15:00,${var.encountertypes.order.uuid},,${var.location.opd.uuid},,,,amoxicillin order
C-PNE4-1,C-PNE4,2026-04-10 10:00:00,${var.encountertypes.visit-note.uuid},,${var.location.opd.uuid},,,,
C-MAL1-1,C-MAL1,2026-02-02 09:00:00,${var.encountertypes.order.uuid},,${var.location.laboratory.uuid},,,,RDT order and result
C-MAL2-1,C-MAL2,2026-02-10 09:00:00,${var.encountertypes.order.uuid},,${var.location.laboratory.uuid},,,,RDT order and result
C-MAL3-1,C-MAL3,2026-04-05 09:00:00,${var.encountertypes.order.uuid},,${var.location.laboratory.uuid},,,,RDT order and result
C-MAL3-2,C-MAL3,2026-04-15 09:00:00,${var.encountertypes.order.uuid},,${var.location.laboratory.uuid},,,,smear order and result
C-MAL4-1,C-MAL4,2026-05-22 09:00:00,${var.encountertypes.order.uuid},,${var.location.laboratory.uuid},,,,RDT order and result
C-MAL5-1,C-MAL5,2026-03-31 20:00:00,${var.encountertypes.order.uuid},,${var.location.laboratory.uuid},,,,RDT ordered in the evening; resulted 23:59:59
C-DTH1-1,C-DTH1,2026-05-02 09:00:00,${var.encountertype.vitals.uuid},,${var.location.opd.uuid},,,,last visit before death
C-DTH2-1,C-DTH2,2026-04-10 09:00:00,${var.encountertype.vitals.uuid},,${var.location.opd.uuid},,,,last visit before death
C-DTH3-1,C-DTH3,2026-01-20 09:00:00,${var.encountertype.vitals.uuid},,${var.location.opd.uuid},,,,last visit before death
C-DTH4-1,C-DTH4,2026-02-25 09:00:00,${var.encountertype.vitals.uuid},,${var.location.opd.uuid},,,,last visit before death
C-CAN1-1,C-CAN1,2026-02-11 10:00:00,${var.encountertypes.visit-note.uuid},,${var.location.opd.uuid},,,,
C-CAN1-2,C-CAN1,2026-05-12 10:00:00,${var.encountertypes.visit-note.uuid},,${var.location.opd.uuid},,,,
C-CAN2-1,C-CAN2,2026-04-08 10:00:00,${var.encountertypes.visit-note.uuid},,${var.location.opd.uuid},,,,
C-CAN3-1,C-CAN3,2026-05-25 10:00:00,${var.encountertypes.visit-note.uuid},,${var.location.opd.uuid},,,,diagnosis voided
C-BP1-1,C-BP1,2026-02-05 09:00:00,${var.encountertype.triage.uuid},triage-v2.0,${var.location.opd.uuid},,,,
C-BP1-2,C-BP1,2026-02-18 09:00:00,${var.encountertypes.order.uuid},,${var.location.laboratory.uuid},,,,cholesterol order and result
C-BP2-1,C-BP2,2026-03-01 09:00:00,${var.encountertype.vitals.uuid},,${var.location.opd.uuid},,,,
C-BP3-1,C-BP3,2026-03-15 09:00:00,${var.encountertype.triage.uuid},triage-v2.0,${var.location.opd.uuid},,,,
C-BP4-1,C-BP4,2026-04-10 09:30:00,${var.encountertype.triage.uuid},triage-v2.0,${var.location.opd.uuid},,,,
C-BP5-1,C-BP5,2026-05-05 09:00:00,${var.encountertype.triage.uuid},triage-v2.0,${var.location.opd.uuid},,,,
C-BP6-1,C-BP6,2026-04-02 09:00:00,${var.encountertype.triage.uuid},triage-v2.0,${var.location.opd.uuid},,,,
C-BP6-2,C-BP6,2026-06-02 09:00:00,${var.encountertype.triage.uuid},triage-v2.0,${var.location.opd.uuid},,,,
C-BP7-1,C-BP7,2026-06-15 09:00:00,${var.encountertype.triage.uuid},triage-v2.0,${var.location.opd.uuid},,,,
C-CHOL2-1,C-CHOL2,2026-05-06 09:00:00,${var.encountertypes.order.uuid},,${var.location.laboratory.uuid},,,,
C-CHOL3-1,C-CHOL3,2026-05-10 09:00:00,${var.encountertypes.order.uuid},,${var.location.laboratory.uuid},,,,
C-CHOL4-1,C-CHOL4,2026-04-01 09:00:00,${var.encountertypes.order.uuid},,${var.location.laboratory.uuid},,,,
C-CHOL4-2,C-CHOL4,2026-06-01 09:00:00,${var.encountertypes.order.uuid},,${var.location.laboratory.uuid},,,,
C-REN1-1,C-REN1,2026-02-12 09:00:00,${var.encountertypes.order.uuid},,${var.location.laboratory.uuid},,,,
C-REN1-2,C-REN1,2026-02-12 11:00:00,${var.encountertypes.visit-note.uuid},,${var.location.opd.uuid},,,,
C-REN2-1,C-REN2,2026-03-02 09:00:00,${var.encountertypes.order.uuid},,${var.location.laboratory.uuid},,,,
C-REN3-1,C-REN3,2026-05-14 10:00:00,${var.encountertypes.visit-note.uuid},,${var.location.opd.uuid},,,,
C-REN4-1,C-REN4,2026-04-20 09:30:00,${var.encountertypes.order.uuid},,${var.location.laboratory.uuid},,,,
C-REN5-1,C-REN5,2026-06-08 09:00:00,${var.encountertypes.order.uuid},,${var.location.laboratory.uuid},,,,
C-REN6-1,C-REN6,2026-06-22 09:00:00,${var.encountertypes.order.uuid},,${var.location.laboratory.uuid},,,,
B-X-1,B-X,2026-03-20 09:00:00,${var.encountertype.anc-initial.uuid},anc-initial-v1.2,${var.location.maternity.uuid},,,,
B-X-2,B-X,2026-04-25 09:00:00,${var.encountertype.anc-followup.uuid},anc-followup-v1.0,${var.location.maternity.uuid},,,,
B-X-3,B-X,2026-04-28 10:00:00,${var.encountertypes.visit-note.uuid},,${var.location.opd.uuid},,,,
B-ANC2-1,B-ANC2,2026-05-12 09:00:00,${var.encountertype.consultation.uuid},anc-national-v1.1,${var.location.maternity.uuid},,,,
B-ANC3-1,B-ANC3,2026-06-02 09:00:00,${var.encountertype.anc-initial.uuid},anc-initial-v1.2,${var.location.maternity.uuid},,,,
B-FP1-1,B-FP1,2026-06-25 09:00:00,${var.encountertype.family-planning.uuid},fp-v2.2,${var.location.maternity.uuid},,,,
B-FP2-1,B-FP2,2026-01-10 09:00:00,${var.encountertype.family-planning.uuid},fp-v2.2,${var.location.maternity.uuid},,,,
B-LD1-1,B-LD1,2026-03-05 09:00:00,${var.encountertype.labor-delivery.uuid},ld-first-second-v1.2,${var.location.maternity.uuid},,,,
B-LD2-1,B-LD2,2026-04-22 09:00:00,${var.encountertype.labor-delivery.uuid},ld-first-second-v1.2,${var.location.maternity.uuid},,,,
B-LD3-1,B-LD3,2026-05-30 09:00:00,${var.encountertype.labor-delivery.uuid},ld-first-second-v1.2,${var.location.maternity.uuid},,,,
B-PNC1-1,B-PNC1,2026-04-02 09:00:00,${var.encountertype.mch-pnc.uuid},pnc-mother-v1.0,${var.location.maternity.uuid},,,,
B-PNC2-1,B-PNC2,2026-03-31 23:59:59,${var.encountertype.mch-pnc.uuid},pnc-mother-v1.0,${var.location.maternity.uuid},2026-04-01 00:10:00,,,last second of Q1; entered after midnight
B-VITA1-1,B-VITA1,2026-06-29 09:00:00,${var.encountertype.consultation.uuid},immunization-v1.1,${var.location.opd.uuid},,,,
B-VITA2-1,B-VITA2,2026-02-01 09:00:00,${var.encountertypes.order.uuid},,${var.location.opd.uuid},,,,drug order
B-MUAC1-1,B-MUAC1,2026-03-15 09:00:00,${var.encountertype.triage.uuid},triage-v2.0,${var.location.opd.uuid},,,,
B-MUAC2-1,B-MUAC2,2026-05-05 09:00:00,${var.encountertype.triage.uuid},triage-v2.0,${var.location.opd.uuid},,,,
B-WHZ1-1,B-WHZ1,2026-02-20 09:00:00,${var.encountertype.triage.uuid},triage-v2.0,${var.location.opd.uuid},,,,
B-WHZ2-1,B-WHZ2,2026-04-10 09:00:00,${var.encountertype.triage.uuid},triage-v2.0,${var.location.opd.uuid},,,,
B-DIA1-1,B-DIA1,2026-01-12 10:00:00,${var.encountertypes.visit-note.uuid},,${var.location.opd.uuid},,,,
B-DIA1-2,B-DIA1,2026-01-12 10:15:00,${var.encountertypes.order.uuid},,${var.location.opd.uuid},,,,ORS order
B-DIA2-1,B-DIA2,2026-05-18 10:00:00,${var.encountertypes.visit-note.uuid},,${var.location.opd.uuid},,,,
B-DIA2-2,B-DIA2,2026-05-18 10:15:00,${var.encountertypes.order.uuid},,${var.location.opd.uuid},,,,ORS order
B-DIA3-1,B-DIA3,2026-06-30 23:59:59,${var.encountertypes.visit-note.uuid},,${var.location.opd.uuid},,,,last second of Q2
B-PNE1-1,B-PNE1,2026-02-14 10:00:00,${var.encountertypes.visit-note.uuid},,${var.location.opd.uuid},,,,
B-PNE1-2,B-PNE1,2026-02-14 10:15:00,${var.encountertypes.order.uuid},,${var.location.opd.uuid},,,,amoxicillin order
B-PNE1-3,B-PNE1,2026-02-21 09:00:00,${var.encountertype.vitals.uuid},,${var.location.opd.uuid},,,,review visit
B-PNE2-1,B-PNE2,2026-05-27 10:00:00,${var.encountertypes.visit-note.uuid},,${var.location.opd.uuid},,,,
B-PNE2-2,B-PNE2,2026-05-27 10:15:00,${var.encountertypes.order.uuid},,${var.location.opd.uuid},,,,amoxicillin order
B-MAL1-1,B-MAL1,2026-01-05 09:00:00,${var.encountertypes.order.uuid},,${var.location.laboratory.uuid},,,,RDT order and result
B-MAL2-1,B-MAL2,2026-06-02 09:00:00,${var.encountertypes.order.uuid},,${var.location.laboratory.uuid},,,,RDT order and result
B-MAL3-1,B-MAL3,2026-06-20 09:00:00,${var.encountertypes.order.uuid},,${var.location.laboratory.uuid},,,,RDT order and result
B-DTH1-1,B-DTH1,2026-06-01 09:00:00,${var.encountertype.vitals.uuid},,${var.location.opd.uuid},,,,last visit before death
B-CAN1-1,B-CAN1,2026-03-09 10:00:00,${var.encountertypes.visit-note.uuid},,${var.location.opd.uuid},,,,
B-BP1-1,B-BP1,2026-01-30 09:00:00,${var.encountertype.vitals.uuid},,${var.location.opd.uuid},,,,
B-BP2-1,B-BP2,2026-05-25 09:00:00,${var.encountertype.consultation.uuid},opd-v2.0,${var.location.opd.uuid},2026-05-27 16:00:00,,,back-dated entry on a shared-encounter-type form
B-CHOL1-1,B-CHOL1,2026-06-11 09:00:00,${var.encountertypes.order.uuid},,${var.location.laboratory.uuid},,,,
B-REN1-1,B-REN1,2026-04-16 09:00:00,${var.encountertypes.order.uuid},,${var.location.laboratory.uuid},,,,
B-REN1-2,B-REN1,2026-04-16 11:00:00,${var.encountertypes.visit-note.uuid},,${var.location.opd.uuid},,,,
