key,site,given_name,family_name,gender,birthdate,national_id,hrn,dead,death_date,cause_of_death,purpose
C-ANC1,careysburg,Qa,Rpt C-ANC1,F,1996-01-20,,one+voided-old,,,,"ANC MCH family; GA 28 on follow-up concept; IPTp 1st-4th; ANC BP 150/95; HRN re-issued (EMR-OPS-015)"
C-ANC2,careysburg,Qa,Rpt C-ANC2,F,1999-07-11,QA-NID-0002,one,,,,"ANC Initial old version v1.1; 3rd trimester; 3rd dose at 2026-03-31 23:59:59; has a National ID"
C-ANC3,careysburg,Qa,Rpt C-ANC3,F,2001-03-03,,one,,,,"national 1. ANC Form (Consultation); visit 1st at 2026-04-01 00:00:00; 3rd+ dose at 2026-06-30 23:59:59"
C-ANC4,careysburg,Qa,Rpt C-ANC4,F,1994-09-09,,one,,,,"voided ANC Initial encounter; voided 3rd-dose obs replaced by 2nd dose"
C-ANC5,careysburg,Qa,Rpt C-ANC5,F,1998-12-12,,one,,,,"3rd trimester with IPTp deferred (MAL-003 denominator only)"
C-ANC6,careysburg,Qa,Rpt C-ANC6,F,2000-02-20,,one,,,,"GA 27 weeks (one below the 3rd-trimester threshold)"
C-X,careysburg,Qa,Rpt X,F,1993-08-18,QA-NID-0001,one,,,,"person X at Careysburg: also registered at Barnersville (B-X) with the same National ID"
C-FP1,careysburg,Qa,Rpt C-FP1,F,2001-01-05,,one,,,,"FP v2.2 injectable, current at both period ends"
C-FP2,careysburg,Qa,Rpt C-FP2,F,1996-04-04,,one,,,,"FP old version v1.0 (national, Consultation) IUD"
C-FP3,careysburg,Qa,Rpt C-FP3,F,1991-02-02,,one,,,,"injectable older than 3 months at both period ends"
C-FP4,careysburg,Qa,Rpt C-FP4,F,1998-06-06,,one,,,,"implant, then removal recorded in Q2"
C-FP5,careysburg,Qa,Rpt C-FP5,F,1976-05-10,,one,,,,"IUD user turning 50 between the two period ends"
C-FP6,careysburg,Qa,Rpt C-FP6,F,2004-01-10,,one,,,,"only FP encounter is voided"
C-LD1,careysburg,Qa,Rpt C-LD1,F,1997-03-15,,one,,,,"SVD in Q1"
C-LD2,careysburg,Qa,Rpt C-LD2,F,1995-05-25,,one,,,,"caesarean recorded on two L&D encounters one day apart (one delivery)"
C-LD3,careysburg,Qa,Rpt C-LD3,F,2002-08-08,,one,,,,"caesarean at 2026-07-01 00:00:00 (after Q2)"
C-LD4,careysburg,Qa,Rpt C-LD4,F,1999-10-10,,one,,,,"voided L&D encounter in a voided visit"
C-LD5,careysburg,Qa,Rpt C-LD5,F,2000-11-11,,one,,,,"SVD in Q2"
C-PNC1,careysburg,Qa,Rpt C-PNC1,F,1998-01-01,,one,,,,"home delivery reported at two PNC visits (one delivery)"
C-PNC2,careysburg,Qa,Rpt C-PNC2,F,1994-04-14,,one,,,,"facility delivery at PNC"
C-PNC3,careysburg,Qa,Rpt C-PNC3,F,2003-03-30,,one,,,,"home delivery at PNC in Q2"
C-VITA1,careysburg,Qa,Rpt C-VITA1,M,2025-08-15,,one,,,,"Vitamin A Blue on the Immunization form at exactly 6 months"
C-VITA2,careysburg,Qa,Rpt C-VITA2,F,2025-09-20,,one,,,,"Vitamin A Blue at 5 months 27 days (too young)"
C-VITA3,careysburg,Qa,Rpt C-VITA3,M,2025-05-10,,one,,,,"Vitamin A Blue at exactly 12 months (too old)"
C-VITA4,careysburg,Qa,Rpt C-VITA4,F,2025-10-01,,one,,,,"Vitamin A 100000 IU drug order at 6 months"
C-VITA5,careysburg,Qa,Rpt C-VITA5,M,2025-09-01,,one,,,,"Vitamin A 200000 IU drug order (not Blue)"
C-VITA6,careysburg,Qa,Rpt C-VITA6,F,2025-07-01,,one,,,,"Vitamin A Blue obs voided"
C-MUAC1,careysburg,Qa,Rpt C-MUAC1,M,2023-03-01,,one,,,,"MUAC 11.0 in Q1"
C-MUAC2,careysburg,Qa,Rpt C-MUAC2,F,2024-01-10,,one,,,,"MUAC 11.2 then 12.1 (latest wins)"
C-MUAC3,careysburg,Qa,Rpt C-MUAC3,M,2021-05-01,,one,,,,"MUAC 11.0 at exactly 60 months (too old)"
C-MUAC4,careysburg,Qa,Rpt C-MUAC4,F,2021-05-02,,one,,,,"MUAC 11.4 at 59 months"
C-MUAC5,careysburg,Qa,Rpt C-MUAC5,M,2023-06-01,,one,,,,"MUAC exactly 11.5 (not below 11.5)"
C-MUAC6,careysburg,Qa,Rpt C-MUAC6,F,2025-11-20,,one,,,,"MUAC 10.9 at 4 months (too young)"
C-MUAC7,careysburg,Qa,Rpt C-MUAC7,M,2024-06-01,,one,,,,"MUAC 11.3 on a vitals-app encounter with no encounter location, entered 3 days late"
C-MUAC8,careysburg,Qa,Rpt C-MUAC8,F,2023-09-01,,one,,,,"MUAC 11.0 voided and corrected to 12.5"
C-WHZ1,careysburg,Qa,Rpt C-WHZ1,M,2023-01-10,,one,,,,"WHZ about -2.5"
C-WHZ2,careysburg,Qa,Rpt C-WHZ2,F,2022-06-01,,one,,,,"WHZ about -2.5"
C-WHZ3,careysburg,Qa,Rpt C-WHZ3,M,2023-04-01,,one,,,,"normal WHZ but a weight-for-age W/Z score obs of -2.6 (trap)"
C-WHZ4,careysburg,Qa,Rpt C-WHZ4,F,2022-10-01,,one,,,,"WHZ below -3 (severe, not moderate)"
C-WHZ5,careysburg,Qa,Rpt C-WHZ5,M,2023-02-01,,one,,,,"weight and height on different encounters"
C-DIA1,careysburg,Qa,Rpt C-DIA1,M,2024-03-01,,one,,,,"diarrhoea with ORS in the same visit"
C-DIA2,careysburg,Qa,Rpt C-DIA2,F,2021-02-15,,one,,,,"diarrhoea at exactly 60 months (too old)"
C-DIA3,careysburg,Qa,Rpt C-DIA3,M,2021-03-01,,one,,,,"diarrhoea at 59 months, no ORS"
C-DIA4,careysburg,Qa,Rpt C-DIA4,F,2023-07-01,,one,,,,"diarrhoea on day 0, day 9 and day 31 (two episodes), no ORS"
C-DIA5,careysburg,Qa,Rpt C-DIA5,M,2024-09-01,,one,,,,"diarrhoea episode spanning the Q1/Q2 boundary; ORS only at the Q2 visit"
C-DIA6,careysburg,Qa,Rpt C-DIA6,F,2024-01-01,,one,,,,"diarrhoea diagnosis voided"
C-DIA7,careysburg,Qa,Rpt C-DIA7,M,2023-11-01,,one,,,,"diarrhoea with ORS ordered two days later in a different visit"
C-PNE1,careysburg,Qa,Rpt C-PNE1,M,2023-02-01,,one,,,,"pneumonia with amoxicillin"
C-PNE2,careysburg,Qa,Rpt C-PNE2,F,2025-06-01,,one,,,,"bacterial pneumonia twice 7 days apart (one episode), no antibiotic; second note entered late"
C-PNE3,careysburg,Qa,Rpt C-PNE3,M,2021-06-30,,one,,,,"pneumonia at 59 months with amoxicillin"
C-PNE4,careysburg,Qa,Rpt C-PNE4,F,2021-04-10,,one,,,,"pneumonia at exactly 60 months (too old)"
C-MAL1,careysburg,Qa,Rpt C-MAL1,M,1985-05-05,,one,,,,"positive RDT"
C-MAL2,careysburg,Qa,Rpt C-MAL2,F,1990-09-19,,one,,,,"negative RDT"
C-MAL3,careysburg,Qa,Rpt C-MAL3,M,1978-12-01,,one,,,,"positive RDT then positive smear 10 days later (one episode)"
C-MAL4,careysburg,Qa,Rpt C-MAL4,F,1988-03-08,,one,,,,"positive RDT result voided and corrected to negative"
C-MAL5,careysburg,Qa,Rpt C-MAL5,M,1982-07-27,,one,,,,"positive RDT resulted at 2026-03-31 23:59:59"
C-DTH1,careysburg,Qa,Rpt C-DTH1,F,1980-03-01,,one,1,2026-05-15 10:00:00,CIEL:116030,"cancer death at 46; no death encounter; last visit Careysburg"
C-DTH2,careysburg,Qa,Rpt C-DTH2,M,1956-04-01,,one,1,2026-04-20 10:00:00,CIEL:116030,"cancer death at exactly 70 (outside 30-69)"
C-DTH3,careysburg,Qa,Rpt C-DTH3,F,1996-02-10,,one,1,2026-02-10 10:00:00,CIEL:116030,"cancer death on the 30th birthday"
C-DTH4,careysburg,Qa,Rpt C-DTH4,M,1970-01-01,,one,1,2026-03-03 10:00:00,CIEL:151673,"infectious-disease death"
C-CAN1,careysburg,Qa,Rpt C-CAN1,F,1970-10-10,,one,,,,"breast cancer first diagnosed in Q1 and diagnosed again in Q2"
C-CAN2,careysburg,Qa,Rpt C-CAN2,M,1958-02-02,,one,,,,"prostate cancer first diagnosed in Q2"
C-CAN3,careysburg,Qa,Rpt C-CAN3,F,1975-05-05,,one,,,,"cervical cancer diagnosis voided"
C-BP1,careysburg,Qa,Rpt C-BP1,M,1981-01-01,,one,,,,"BP 150/85; total cholesterol exactly 5.0"
C-BP2,careysburg,Qa,Rpt C-BP2,F,1966-02-01,,one,,,,"BP 139/89 (just normal)"
C-BP3,careysburg,Qa,Rpt C-BP3,M,1993-03-03,,one,,,,"BP 120/90 (raised on diastolic)"
C-BP4,careysburg,Qa,Rpt C-BP4,F,2008-06-01,,one,,,,"BP 160/100 at 17 (too young)"
C-BP5,careysburg,Qa,Rpt C-BP5,M,2008-05-05,,one,,,,"BP 145/80 on the 18th birthday"
C-BP6,careysburg,Qa,Rpt C-BP6,F,1976-01-15,,one,,,,"BP 150/95 then 128/82 (latest wins)"
C-BP7,careysburg,Qa,Rpt C-BP7,M,1986-02-02,,one,,,,"systolic 155 voided and corrected to 125"
C-CHOL2,careysburg,Qa,Rpt C-CHOL2,F,1984-01-01,,one,,,,"total cholesterol 4.9"
C-CHOL3,careysburg,Qa,Rpt C-CHOL3,M,2009-01-01,,one,,,,"total cholesterol 6.1 at 17 (too young)"
C-CHOL4,careysburg,Qa,Rpt C-CHOL4,F,1965-01-01,,one,,,,"total cholesterol 6.2 then 4.5 (latest wins)"
C-REN1,careysburg,Qa,Rpt C-REN1,M,1974-01-01,,one,,,,"creatinine result and renal failure diagnosis"
C-REN2,careysburg,Qa,Rpt C-REN2,F,1982-01-01,,one,,,,"urea result, no renal diagnosis"
C-REN3,careysburg,Qa,Rpt C-REN3,M,1960-01-01,,one,,,,"chronic kidney disease diagnosis, no test"
C-REN4,careysburg,Qa,Rpt C-REN4,F,2009-03-03,,one,,,,"creatinine result at 17 (too young)"
C-REN5,careysburg,Qa,Rpt C-REN5,M,1980-06-06,,one,,,,"creatinine result voided"
C-REN6,careysburg,Qa,Rpt C-REN6,F,1956-01-01,,one,,,,"eGFR result"
C-DUP1A,careysburg,Qa,Rpt C-DUP1,F,1990-10-10,,one,,,,"duplicate pair: same name, birthdate and sex, no National ID"
C-DUP1B,careysburg,Qa,Rpt C-DUP1,F,1990-10-10,,one,,,,"duplicate pair: same name, birthdate and sex, no National ID"
B-X,barnersville,Qa,Rpt X,F,1993-08-18,QA-NID-0001,one,,,,"person X at Barnersville (see C-X)"
B-ANC2,barnersville,Qa,Rpt B-ANC2,F,1997-07-07,,one,,,,"national 1. ANC Form; first visit in the 3rd trimester with national 2nd dose"
B-ANC3,barnersville,Qa,Rpt B-ANC3,F,2002-02-02,,one,,,,"ANC Initial in the 1st trimester"
B-FP1,barnersville,Qa,Rpt B-FP1,F,2006-12-01,,one,,,,"oral pills dispensed 5 days before Q2 end"
B-FP2,barnersville,Qa,Rpt B-FP2,F,1986-03-03,,one,,,,"implant in Q1"
B-LD1,barnersville,Qa,Rpt B-LD1,F,1996-06-16,,one,,,,"caesarean in Q1"
B-LD2,barnersville,Qa,Rpt B-LD2,F,2001-01-21,,one,,,,"SVD in Q2"
B-LD3,barnersville,Qa,Rpt B-LD3,F,1999-09-29,,one,,,,"SVD in Q2"
B-PNC1,barnersville,Qa,Rpt B-PNC1,F,1997-11-11,,one,,,,"home delivery at PNC in Q2"
B-PNC2,barnersville,Qa,Rpt B-PNC2,F,2000-12-20,,one,,,,"home delivery at PNC at 2026-03-31 23:59:59, entered after midnight"
B-VITA1,barnersville,Qa,Rpt B-VITA1,F,2025-06-30,,one,,,,"Vitamin A Blue at 11 months 29 days"
B-VITA2,barnersville,Qa,Rpt B-VITA2,M,2025-07-15,,one,,,,"Vitamin A 100000 IU drug order at 6 months"
B-MUAC1,barnersville,Qa,Rpt B-MUAC1,M,2022-08-01,,one,,,,"MUAC 10.8"
B-MUAC2,barnersville,Qa,Rpt B-MUAC2,F,2024-02-01,,one,,,,"MUAC 13.0"
B-WHZ1,barnersville,Qa,Rpt B-WHZ1,F,2022-11-15,,one,,,,"WHZ about -2.5"
B-WHZ2,barnersville,Qa,Rpt B-WHZ2,M,2021-04-15,,one,,,,"WHZ about -2.5 at 59 months"
B-DIA1,barnersville,Qa,Rpt B-DIA1,M,2022-09-01,,one,,,,"diarrhoea with ORS"
B-DIA2,barnersville,Qa,Rpt B-DIA2,F,2023-05-05,,one,,,,"diarrhoea with ORS"
B-DIA3,barnersville,Qa,Rpt B-DIA3,M,2024-02-02,,one,,,,"diarrhoea at 2026-06-30 23:59:59, no ORS"
B-PNE1,barnersville,Qa,Rpt B-PNE1,F,2024-12-01,,two,,,,"pneumonia with amoxicillin; review visit; two live HRNs (EMR-OPS-015)"
B-PNE2,barnersville,Qa,Rpt B-PNE2,M,2023-08-08,,one,,,,"viral pneumonia with amoxicillin"
B-MAL1,barnersville,Qa,Rpt B-MAL1,F,1987-04-04,,one,,,,"positive RDT"
B-MAL2,barnersville,Qa,Rpt B-MAL2,M,1979-09-09,,one,,,,"positive RDT"
B-MAL3,barnersville,Qa,Rpt B-MAL3,F,1992-12-12,,one,,,,"RDT positive for P. vivax"
B-DTH1,barnersville,Qa,Rpt B-DTH1,M,1975-07-07,,one,1,2026-06-30 10:00:00,CIEL:116030,"cancer death at 50; last visit Barnersville"
B-CAN1,barnersville,Qa,Rpt B-CAN1,M,1955-05-05,,one,,,,"carcinoma of prostate first diagnosed in Q1"
B-BP1,barnersville,Qa,Rpt B-BP1,M,1971-01-01,,one,,,,"BP 142/88 on the vitals app"
B-BP2,barnersville,Qa,Rpt B-BP2,F,1988-01-01,,one,,,,"BP 118/76 on the OPD Consultation Form (Consultation), entered 2 days late"
B-CHOL1,barnersville,Qa,Rpt B-CHOL1,M,1968-01-01,,one,,,,"total cholesterol 5.8"
B-REN1,barnersville,Qa,Rpt B-REN1,F,1987-01-01,,one,,,,"creatinine result and renal failure diagnosis"
B-DUP2A,barnersville,Qa,Rpt B-DUP2,M,1985-11-11,QA-NID-0003,one,,,,"duplicate pair sharing name, birthdate, sex and National ID (linked by the CPI service at central)"
B-DUP2B,barnersville,Qa,Rpt B-DUP2,M,1985-11-11,QA-NID-0003,one,,,,"duplicate pair sharing name, birthdate, sex and National ID (linked by the CPI service at central)"
